date,da_base_GB,da_base_DE_LU
2018-04-01,48.46,27.61
2018-04-02,50.74,34.42
2018-04-03,48.61,36.53
2018-04-04,49.39,32.56
2018-04-05,47.05,35.2
2018-04-06,50.63,16.48
2018-04-07,50.03,22.98
2018-04-08,54.11,42.61
2018-04-09,50.0,36.03
2018-04-10,50.99,31.52
2018-04-11,53.57,29.84
2018-04-12,57.96,38.53
2018-04-13,52.9,35.3
2018-04-14,50.07,31.65
2018-04-15,51.41,46.63
2018-04-16,47.58,43.8
2018-04-17,49.79,41.06
2018-04-18,50.55,39.84
2018-04-19,50.38,38.63
2018-04-20,49.95,30.0
2018-04-21,48.06,18.59
2018-04-22,47.13,32.56
2018-04-23,51.25,34.32
2018-04-24,49.38,27.29
2018-04-25,50.17,30.45
2018-04-26,56.56,39.64
2018-04-27,50.7,29.09
2018-04-28,51.36,21.39
2018-04-29,52.09,12.95
2018-04-30,50.43,-5.7
2018-05-01,52.03,39.95
2018-05-02,53.45,39.99
2018-05-03,51.96,40.51
2018-05-04,49.77,28.41
2018-05-05,49.73,19.68
2018-05-06,50.44,34.4
2018-05-07,50.77,27.47
2018-05-08,50.62,36.62
2018-05-09,53.11,25.23
2018-05-10,51.85,42.2
2018-05-11,51.57,32.5
2018-05-12,50.88,16.65
2018-05-13,52.01,34.7
2018-05-14,52.21,42.43
2018-05-15,55.83,41.6
2018-05-16,52.78,35.39
2018-05-17,54.64,39.11
2018-05-18,54.57,36.36
2018-05-19,53.72,16.68
2018-05-20,54.25,5.66
2018-05-21,54.46,42.76
2018-05-22,54.81,42.33
2018-05-23,56.07,38.95
2018-05-24,57.55,40.36
2018-05-25,55.11,37.08
2018-05-26,47.05,32.88
2018-05-27,60.17,43.8
2018-05-28,54.04,42.91
2018-05-29,58.37,46.68
2018-05-30,57.88,42.25
2018-05-31,58.48,51.3
2018-06-01,56.09,40.22
2018-06-02,54.48,32.49
2018-06-03,57.24,46.84
2018-06-04,54.62,51.01
2018-06-05,57.85,49.69
2018-06-06,54.9,49.61
2018-06-07,55.83,49.4
2018-06-08,55.36,42.47
2018-06-09,54.39,39.33
2018-06-10,53.55,48.53
2018-06-11,53.33,49.73
2018-06-12,52.24,48.15
2018-06-13,47.12,43.65
2018-06-14,56.17,49.45
2018-06-15,54.37,40.21
2018-06-16,51.89,24.34
2018-06-17,51.18,44.37
2018-06-18,56.21,46.52
2018-06-19,51.87,46.8
2018-06-20,52.27,30.24
2018-06-21,52.51,20.73
2018-06-22,51.09,23.89
2018-06-23,52.44,31.93
2018-06-24,55.12,45.2
2018-06-25,55.0,49.27
2018-06-26,53.32,47.49
2018-06-27,54.54,44.89
2018-06-28,53.88,44.32
2018-06-29,51.0,40.66
2018-06-30,52.84,28.92
2018-07-01,53.3,48.07
2018-07-02,56.42,49.76
2018-07-03,59.26,53.21
2018-07-04,55.92,51.81
2018-07-05,54.88,47.81
2018-07-06,55.87,32.9
2018-07-07,55.64,34.26
2018-07-08,58.39,46.6
2018-07-09,55.39,52.95
2018-07-10,57.33,52.5
2018-07-11,57.8,53.31
2018-07-12,57.23,50.83
2018-07-13,55.74,48.18
2018-07-14,55.77,45.87
2018-07-15,60.42,53.8
2018-07-16,59.17,52.14
2018-07-17,59.4,49.75
2018-07-18,58.76,51.65
2018-07-19,58.54,53.54
2018-07-20,57.74,50.17
2018-07-21,56.33,46.25
2018-07-22,57.62,55.02
2018-07-23,58.69,56.64
2018-07-24,58.58,58.41
2018-07-25,59.76,55.07
2018-07-26,58.98,53.63
2018-07-27,52.95,46.4
2018-07-28,50.44,44.87
2018-07-29,57.36,55.19
2018-07-30,56.6,56.33
2018-07-31,58.05,56.32
2018-08-01,58.12,59.48
2018-08-02,59.03,62.72
2018-08-03,56.12,51.12
2018-08-04,56.82,50.49
2018-08-05,58.2,62.69
2018-08-06,58.32,64.68
2018-08-07,57.78,56.11
2018-08-08,58.61,55.06
2018-08-09,57.75,44.94
2018-08-10,58.69,44.52
2018-08-11,59.57,42.65
2018-08-12,60.68,55.99
2018-08-13,61.03,55.06
2018-08-14,58.27,53.45
2018-08-15,58.79,56.04
2018-08-16,58.39,57.95
2018-08-17,57.56,53.77
2018-08-18,60.17,49.77
2018-08-19,70.67,57.22
2018-08-20,64.07,66.45
2018-08-21,63.33,65.4
2018-08-22,62.92,63.87
2018-08-23,61.54,57.6
2018-08-24,62.23,53.65
2018-08-25,61.05,48.5
2018-08-26,55.02,45.57
2018-08-27,65.87,66.07
2018-08-28,65.74,62.87
2018-08-29,68.22,57.4
2018-08-30,65.57,64.48
2018-08-31,64.59,59.76
2018-09-01,61.5,52.94
2018-09-02,65.7,63.55
2018-09-03,66.75,66.58
2018-09-04,67.61,66.64
2018-09-05,67.03,65.33
2018-09-06,68.1,62.43
2018-09-07,69.2,50.11
2018-09-08,66.12,49.16
2018-09-09,67.69,64.31
2018-09-10,64.61,57.8
2018-09-11,70.96,63.78
2018-09-12,68.93,71.52
2018-09-13,67.91,64.84
2018-09-14,65.03,51.79
2018-09-15,56.57,47.34
2018-09-16,63.43,62.41
2018-09-17,62.55,57.96
2018-09-18,60.83,57.6
2018-09-19,63.42,58.06
2018-09-20,64.97,40.8
2018-09-21,65.64,25.41
2018-09-22,71.69,44.15
2018-09-23,72.85,38.88
2018-09-24,70.75,62.34
2018-09-25,66.2,45.38
2018-09-26,69.51,53.89
2018-09-27,68.01,51.97
2018-09-28,67.85,46.49
2018-09-29,68.19,41.74
2018-09-30,67.61,61.24
2018-10-01,60.36,42.34
2018-10-02,68.7,18.29
2018-10-03,66.45,65.15
2018-10-04,66.25,60.3
2018-10-05,66.62,57.91
2018-10-06,65.73,54.92
2018-10-07,63.08,63.88
2018-10-08,66.39,71.57
2018-10-09,66.26,62.17
2018-10-10,63.65,54.35
2018-10-11,59.51,56.77
2018-10-12,60.3,44.88
2018-10-13,67.14,28.09
2018-10-14,67.44,59.45
2018-10-15,66.51,72.0
2018-10-16,66.99,70.91
2018-10-17,65.08,63.16
2018-10-18,63.86,67.61
2018-10-19,63.87,59.38
2018-10-20,63.54,55.51
2018-10-21,63.16,56.13
2018-10-22,58.69,34.62
2018-10-23,60.9,44.57
2018-10-24,64.05,48.74
2018-10-25,62.23,58.53
2018-10-26,62.01,48.12
2018-10-27,61.61,43.46
2018-10-28,65.38,43.97
2018-10-29,64.85,33.67
2018-10-30,65.43,45.14
2018-10-31,63.26,47.91
2018-11-01,60.85,54.77
2018-11-02,55.16,52.04
2018-11-03,56.17,47.47
2018-11-04,60.75,57.19
2018-11-05,57.17,58.55
2018-11-06,59.33,56.01
2018-11-07,58.16,62.87
2018-11-08,59.04,59.51
2018-11-09,60.39,43.07
2018-11-10,59.51,39.73
2018-11-11,57.93,54.9
2018-11-12,60.39,53.11
2018-11-13,59.54,61.87
2018-11-14,62.94,63.48
2018-11-15,64.35,57.77
2018-11-16,62.67,48.21
2018-11-17,61.99,47.6
2018-11-18,63.59,48.22
2018-11-19,60.19,46.65
2018-11-20,64.58,55.36
2018-11-21,78.0,77.8
2018-11-22,71.84,80.33
2018-11-23,63.65,61.95
2018-11-24,62.67,53.85
2018-11-25,78.24,73.67
2018-11-26,62.33,75.51
2018-11-27,58.97,52.99
2018-11-28,58.01,50.4
2018-11-29,56.58,57.5
2018-11-30,60.44,46.86
2018-12-01,60.03,30.2
2018-12-02,62.13,44.62
2018-12-03,70.5,50.65
2018-12-04,62.15,59.21
2018-12-05,60.55,54.75
2018-12-06,55.8,42.58
2018-12-07,50.6,11.87
2018-12-08,55.28,8.92
2018-12-09,64.23,36.16
2018-12-10,61.41,55.37
2018-12-11,62.49,69.91
2018-12-12,62.17,66.24
2018-12-13,65.5,71.16
2018-12-14,62.04,54.41
2018-12-15,62.75,49.71
2018-12-16,66.1,69.39
2018-12-17,61.68,59.45
2018-12-18,63.67,56.44
2018-12-19,64.0,56.69
2018-12-20,65.31,49.62
2018-12-21,64.24,36.62
2018-12-22,68.17,42.67
2018-12-23,67.03,46.83
2018-12-24,65.55,19.01
2018-12-25,63.76,47.4
2018-12-26,68.93,60.02
2018-12-27,65.53,59.8
2018-12-28,61.78,47.34
2018-12-29,60.65,33.53
2018-12-30,57.14,54.69
2018-12-31,56.5,-4.3
2019-01-01,61.34,25.92
2019-01-02,69.23,57.72
2019-01-03,66.38,49.91
2019-01-04,62.38,42.18
2019-01-05,63.9,54.55
2019-01-06,58.99,51.81
2019-01-07,58.85,34.5
2019-01-08,59.54,40.0
2019-01-09,63.84,67.67
2019-01-10,59.13,49.92
2019-01-11,56.47,40.8
2019-01-12,52.2,15.1
2019-01-13,60.5,32.61
2019-01-14,57.89,45.45
2019-01-15,58.71,45.2
2019-01-16,60.48,42.84
2019-01-17,61.11,61.73
2019-01-18,64.86,55.39
2019-01-19,61.22,53.89
2019-01-20,60.98,69.9
2019-01-21,62.77,63.0
2019-01-22,68.13,75.08
2019-01-23,75.28,85.8
2019-01-24,59.04,66.5
2019-01-25,54.03,49.09
2019-01-26,47.9,35.44
2019-01-27,59.03,50.4
2019-01-28,59.16,60.19
2019-01-29,67.83,53.07
2019-01-30,58.5,59.84
2019-01-31,57.5,55.48
2019-02-01,54.04,50.19
2019-02-02,53.26,46.72
2019-02-03,52.95,44.05
2019-02-04,52.76,53.79
2019-02-05,52.63,51.32
2019-02-06,51.58,44.55
2019-02-07,51.73,41.62
2019-02-08,47.52,6.81
2019-02-09,55.18,28.03
2019-02-10,57.14,31.97
2019-02-11,49.54,46.74
2019-02-12,49.43,45.38
2019-02-13,49.08,49.09
2019-02-14,48.58,47.62
2019-02-15,49.08,39.22
2019-02-16,46.87,39.05
2019-02-17,48.04,46.4
2019-02-18,49.74,41.31
2019-02-19,47.24,45.6
2019-02-20,49.46,43.23
2019-02-21,48.33,47.2
2019-02-22,46.0,40.14
2019-02-23,46.42,39.99
2019-02-24,45.97,44.41
2019-02-25,48.8,44.6
2019-02-26,47.53,44.21
2019-02-27,48.61,40.26
2019-02-28,49.19,45.85
2019-03-01,47.54,41.25
2019-03-02,45.22,10.22
2019-03-03,47.24,13.31
2019-03-04,48.49,31.34
2019-03-05,47.36,34.77
2019-03-06,46.25,29.02
2019-03-07,46.85,26.39
2019-03-08,40.96,7.98
2019-03-09,46.84,17.51
2019-03-10,44.26,38.67
2019-03-11,43.94,36.59
2019-03-12,44.3,18.05
2019-03-13,41.03,32.54
2019-03-14,45.83,25.21
2019-03-15,44.86,17.22
2019-03-16,44.14,0.43
2019-03-17,47.18,31.92
2019-03-18,44.53,45.34
2019-03-19,44.7,41.5
2019-03-20,43.94,39.79
2019-03-21,42.9,40.57
2019-03-22,43.74,35.61
2019-03-23,38.76,33.46
2019-03-24,42.62,32.29
2019-03-25,42.22,36.5
2019-03-26,42.04,40.19
2019-03-27,42.4,42.32
2019-03-28,43.19,39.85
2019-03-29,41.26,35.04
2019-03-30,39.57,28.63
2019-03-31,41.26,38.01
2019-04-01,42.23,33.85
2019-04-02,40.9,42.24
2019-04-03,39.47,42.02
2019-04-04,39.79,42.28
2019-04-05,45.39,38.33
2019-04-06,47.15,37.98
2019-04-07,46.91,44.4
2019-04-08,46.61,41.99
2019-04-09,48.04,42.82
2019-04-10,51.49,44.74
2019-04-11,46.13,44.9
2019-04-12,45.06,41.42
2019-04-13,45.03,37.25
2019-04-14,44.77,41.83
2019-04-15,46.1,41.62
2019-04-16,44.1,40.81
2019-04-17,42.66,40.84
2019-04-18,44.62,33.84
2019-04-19,45.3,34.52
2019-04-20,42.68,31.6
2019-04-21,41.04,-14.01
2019-04-22,39.7,14.75
2019-04-23,37.92,34.7
2019-04-24,40.99,39.31
2019-04-25,41.06,43.54
2019-04-26,39.94,31.99
2019-04-27,43.66,35.09
2019-04-28,43.53,43.15
2019-04-29,42.67,42.87
2019-04-30,45.27,25.47
2019-05-01,42.09,37.94
2019-05-02,43.07,40.7
2019-05-03,41.25,39.51
2019-05-04,42.3,30.49
2019-05-05,42.52,44.29
2019-05-06,46.52,50.47
2019-05-07,41.86,39.47
2019-05-08,43.29,45.25
2019-05-09,46.2,44.79
2019-05-10,44.91,37.61
2019-05-11,44.72,19.42
2019-05-12,44.77,39.23
2019-05-13,42.59,41.01
2019-05-14,39.61,40.85
2019-05-15,39.67,39.73
2019-05-16,42.23,42.95
2019-05-17,40.66,37.19
2019-05-18,39.24,35.36
2019-05-19,42.32,46.29
2019-05-20,41.3,43.29
2019-05-21,39.9,40.09
2019-05-22,40.52,40.67
2019-05-23,38.48,40.46
2019-05-24,39.09,36.68
2019-05-25,38.94,21.6
2019-05-26,35.99,35.35
2019-05-27,40.9,43.33
2019-05-28,39.56,41.76
2019-05-29,36.03,16.09
2019-05-30,36.5,35.81
2019-05-31,38.04,29.96
2019-06-01,31.98,21.87
2019-06-02,32.34,36.9
2019-06-03,36.39,38.99
2019-06-04,37.45,37.93
2019-06-05,38.0,36.48
2019-06-06,37.63,37.61
2019-06-07,34.66,-42.24
2019-06-08,40.44,22.5
2019-06-09,40.75,31.37
2019-06-10,39.81,44.67
2019-06-11,39.7,44.0
2019-06-12,38.73,38.51
2019-06-13,40.17,41.62
2019-06-14,38.87,30.58
2019-06-15,38.41,31.15
2019-06-16,38.06,41.66
2019-06-17,40.38,42.28
2019-06-18,43.25,41.2
2019-06-19,39.91,36.39
2019-06-20,38.64,38.69
2019-06-21,37.21,31.63
2019-06-22,38.05,20.92
2019-06-23,48.9,34.47
2019-06-24,48.25,40.52
2019-06-25,40.33,38.56
2019-06-26,37.57,35.47
2019-06-27,37.14,43.45
2019-06-28,35.26,33.25
2019-06-29,32.63,15.13
2019-06-30,32.35,32.96
2019-07-01,38.86,33.35
2019-07-02,40.03,34.66
2019-07-03,39.94,33.98
2019-07-04,38.73,35.26
2019-07-05,37.64,29.76
2019-07-06,39.76,24.66
2019-07-07,42.37,35.69
2019-07-08,40.88,37.39
2019-07-09,42.43,41.47
2019-07-10,41.93,45.91
2019-07-11,43.64,45.24
2019-07-12,44.03,37.24
2019-07-13,44.42,35.61
2019-07-14,48.03,41.56
2019-07-15,47.58,42.89
2019-07-16,44.03,45.88
2019-07-17,41.76,43.93
2019-07-18,42.7,44.81
2019-07-19,39.56,35.09
2019-07-20,37.96,31.53
2019-07-21,37.38,42.62
2019-07-22,42.1,46.6
2019-07-23,42.74,50.64
2019-07-24,43.46,50.23
2019-07-25,42.14,44.5
2019-07-26,38.89,36.16
2019-07-27,38.59,32.09
2019-07-28,40.6,45.5
2019-07-29,39.14,44.53
2019-07-30,38.96,48.47
2019-07-31,42.12,44.66
2019-08-01,41.67,43.7
2019-08-02,42.48,36.37
2019-08-03,41.78,35.15
2019-08-04,40.49,46.28
2019-08-05,40.94,42.06
2019-08-06,38.06,40.87
2019-08-07,38.2,34.72
2019-08-08,35.48,38.69
2019-08-09,34.19,12.44
2019-08-10,34.02,14.35
2019-08-11,42.06,41.24
2019-08-12,42.05,38.04
2019-08-13,42.52,38.77
2019-08-14,37.48,30.5
2019-08-15,37.8,35.69
2019-08-16,27.86,26.22
2019-08-17,27.89,27.69
2019-08-18,34.5,34.43
2019-08-19,37.53,39.8
2019-08-20,37.8,41.68
2019-08-21,36.8,36.31
2019-08-22,39.28,37.32
2019-08-23,38.49,32.29
2019-08-24,37.82,30.64
2019-08-25,39.44,45.66
2019-08-26,42.3,46.42
2019-08-27,43.41,50.83
2019-08-28,38.82,44.49
2019-08-29,36.34,41.34
2019-08-30,32.87,33.66
2019-08-31,34.06,30.11
2019-09-01,37.53,39.18
2019-09-02,34.36,35.4
2019-09-03,30.59,34.01
2019-09-04,31.39,31.72
2019-09-05,29.59,32.45
2019-09-06,33.72,35.94
2019-09-07,35.68,36.87
2019-09-08,39.5,45.51
2019-09-09,38.78,36.82
2019-09-10,32.44,33.93
2019-09-11,36.01,37.78
2019-09-12,39.49,39.02
2019-09-13,36.91,36.2
2019-09-14,36.09,23.76
2019-09-15,44.2,47.15
2019-09-16,42.98,33.87
2019-09-17,41.72,36.48
2019-09-18,41.31,43.78
2019-09-19,37.3,42.7
2019-09-20,29.02,34.65
2019-09-21,34.27,29.64
2019-09-22,37.07,44.13
2019-09-23,36.98,47.45
2019-09-24,39.6,46.74
2019-09-25,35.99,41.57
2019-09-26,34.75,38.44
2019-09-27,32.1,24.1
2019-09-28,33.28,11.06
2019-09-29,39.35,22.1
2019-09-30,36.23,42.55
2019-10-01,36.88,40.86
2019-10-02,37.61,40.07
2019-10-03,37.52,43.68
2019-10-04,41.79,36.89
2019-10-05,35.2,32.0
2019-10-06,38.94,44.63
2019-10-07,32.96,34.86
2019-10-08,32.7,35.2
2019-10-09,31.37,30.46
2019-10-10,29.57,25.97
2019-10-11,35.18,19.73
2019-10-12,35.96,22.14
2019-10-13,37.53,35.56
2019-10-14,40.56,43.63
2019-10-15,40.15,39.46
2019-10-16,39.22,43.77
2019-10-17,37.87,35.35
2019-10-18,36.5,33.09
2019-10-19,33.0,34.83
2019-10-20,38.39,43.72
2019-10-21,38.11,46.83
2019-10-22,37.0,43.52
2019-10-23,36.58,38.61
2019-10-24,37.5,36.11
2019-10-25,37.18,20.21
2019-10-26,31.99,20.76
2019-10-27,41.85,42.44
2019-10-28,41.78,48.11
2019-10-29,38.21,48.02
2019-10-30,37.77,42.63
2019-10-31,32.81,32.27
2019-11-01,34.33,27.48
2019-11-02,36.65,26.69
2019-11-03,37.8,38.7
2019-11-04,39.1,42.7
2019-11-05,46.98,51.79
2019-11-06,40.8,42.72
2019-11-07,44.5,47.12
2019-11-08,46.19,41.69
2019-11-09,44.92,40.97
2019-11-10,41.42,41.11
2019-11-11,42.79,42.2
2019-11-12,52.54,47.08
2019-11-13,44.52,45.32
2019-11-14,45.88,37.9
2019-11-15,46.93,38.1
2019-11-16,43.55,36.82
2019-11-17,47.75,41.36
2019-11-18,50.12,46.49
2019-11-19,45.06,53.25
2019-11-20,45.42,50.09
2019-11-21,45.85,43.58
2019-11-22,45.01,30.58
2019-11-23,48.0,33.47
2019-11-24,49.13,51.12
2019-11-25,46.74,47.36
2019-11-26,47.37,39.5
2019-11-27,44.03,30.49
2019-11-28,48.82,40.08
2019-11-29,48.02,42.01
2019-11-30,45.12,42.45
2019-12-01,49.01,46.18
2019-12-02,49.84,51.36
2019-12-03,45.72,47.94
2019-12-04,41.0,41.82
2019-12-05,38.16,31.1
2019-12-06,38.72,24.91
2019-12-07,26.5,-16.38
2019-12-08,34.81,23.37
2019-12-09,40.61,40.17
2019-12-10,39.54,38.12
2019-12-11,41.92,44.62
2019-12-12,39.83,36.53
2019-12-13,35.96,23.23
2019-12-14,37.25,12.68
2019-12-15,43.65,40.84
2019-12-16,48.11,36.72
2019-12-17,39.49,40.2
2019-12-18,34.12,34.65
2019-12-19,38.0,29.41
2019-12-20,41.54,28.11
2019-12-21,42.53,26.48
2019-12-22,36.58,24.5
2019-12-23,40.12,20.52
2019-12-24,34.42,27.25
2019-12-25,35.35,33.63
2019-12-26,35.55,37.82
2019-12-27,32.39,34.29
2019-12-28,32.0,30.17
2019-12-29,35.49,25.57
2019-12-30,38.95,32.74
2019-12-31,36.62,34.96
2020-01-01,33.96,38.87
2020-01-02,33.77,26.11
2020-01-03,33.53,20.32
2020-01-04,34.42,35.55
2020-01-05,34.46,38.13
2020-01-06,36.35,40.52
2020-01-07,35.29,33.58
2020-01-08,36.85,36.25
2020-01-09,36.12,34.8
2020-01-10,32.78,31.86
2020-01-11,35.85,22.64
2020-01-12,34.54,37.68
2020-01-13,32.25,23.36
2020-01-14,32.46,24.96
2020-01-15,35.65,38.17
2020-01-16,35.1,36.9
2020-01-17,33.89,31.85
2020-01-18,35.63,33.89
2020-01-19,38.36,44.53
2020-01-20,41.4,41.6
2020-01-21,42.79,45.9
2020-01-22,43.17,51.54
2020-01-23,42.53,50.24
2020-01-24,36.05,40.35
2020-01-25,34.16,33.89
2020-01-26,34.77,37.49
2020-01-27,36.18,31.61
2020-01-28,33.91,33.22
2020-01-29,34.27,32.82
2020-01-30,30.28,22.48
2020-01-31,24.87,6.84
2020-02-01,34.44,16.99
2020-02-02,26.73,27.66
2020-02-03,29.25,27.88
2020-02-04,35.5,36.2
2020-02-05,35.32,36.92
2020-02-06,32.74,36.69
2020-02-07,30.36,28.05
2020-02-08,26.44,1.57
2020-02-09,26.52,7.88
2020-02-10,28.39,11.62
2020-02-11,30.58,19.46
2020-02-12,32.67,37.59
2020-02-13,31.3,36.03
2020-02-14,30.2,20.44
2020-02-15,21.37,-8.27
2020-02-16,26.32,18.25
2020-02-17,28.38,21.87
2020-02-18,30.74,30.91
2020-02-19,31.3,28.68
2020-02-20,30.61,24.33
2020-02-21,29.15,-1.51
2020-02-22,32.41,6.95
2020-02-23,37.14,28.49
2020-02-24,33.5,24.1
2020-02-25,33.11,31.67
2020-02-26,34.55,38.44
2020-02-27,34.81,31.04
2020-02-28,29.26,8.91
2020-02-29,25.49,7.14
2020-03-01,34.24,33.18
2020-03-02,34.81,36.25
2020-03-03,43.87,39.61
2020-03-04,43.29,36.07
2020-03-05,37.28,30.48
2020-03-06,33.53,29.09
2020-03-07,25.3,17.11
2020-03-08,33.09,37.11
2020-03-09,29.76,23.25
2020-03-10,32.21,22.69
2020-03-11,27.45,12.24
2020-03-12,37.58,16.54
2020-03-13,33.92,30.27
2020-03-14,26.24,4.65
2020-03-15,34.73,31.19
2020-03-16,31.2,28.18
2020-03-17,32.46,26.42
2020-03-18,38.83,28.69
2020-03-19,31.32,25.14
2020-03-20,31.78,10.74
2020-03-21,34.04,-0.95
2020-03-22,32.17,16.98
2020-03-23,27.21,20.45
2020-03-24,30.9,23.06
2020-03-25,30.59,22.23
2020-03-26,30.35,21.55
2020-03-27,22.44,14.24
2020-03-28,18.28,4.22
2020-03-29,28.75,23.32
2020-03-30,28.7,25.17
2020-03-31,28.96,23.36
2020-04-01,27.76,19.95
2020-04-02,29.74,22.53
2020-04-03,27.5,20.15
2020-04-04,6.86,2.68
2020-04-05,21.76,17.34
2020-04-06,29.22,23.54
2020-04-07,30.29,26.51
2020-04-08,28.17,23.51
2020-04-09,28.54,23.14
2020-04-10,30.18,20.86
2020-04-11,28.24,12.45
2020-04-12,15.45,-15.97
2020-04-13,29.74,19.9
2020-04-14,28.08,20.17
2020-04-15,26.06,25.32
2020-04-16,22.08,27.77
2020-04-17,24.88,20.23
2020-04-18,20.03,7.41
2020-04-19,10.82,2.44
2020-04-20,9.69,-16.15
2020-04-21,16.88,7.88
2020-04-22,26.66,27.76
2020-04-23,25.67,20.65
2020-04-24,25.34,16.86
2020-04-25,25.4,18.89
2020-04-26,25.14,25.5
2020-04-27,25.95,25.06
2020-04-28,25.5,23.05
2020-04-29,24.72,20.0
2020-04-30,24.1,6.53
2020-05-01,25.37,12.47
2020-05-02,27.97,14.06
2020-05-03,26.24,26.38
2020-05-04,24.03,21.72
2020-05-05,25.39,21.49
2020-05-06,25.78,23.83
2020-05-07,28.23,23.78
2020-05-08,29.4,21.98
2020-05-09,11.68,12.58
2020-05-10,18.05,14.07
2020-05-11,28.4,22.27
2020-05-12,26.03,29.76
2020-05-13,25.97,22.79
2020-05-14,27.25,21.08
2020-05-15,24.9,16.96
2020-05-16,21.81,9.46
2020-05-17,18.75,19.74
2020-05-18,25.34,23.69
2020-05-19,24.88,32.05
2020-05-20,24.3,19.58
2020-05-21,11.58,18.83
2020-05-22,-10.13,10.27
2020-05-23,3.28,-26.13
2020-05-24,22.5,18.63
2020-05-25,27.29,27.43
2020-05-26,28.22,22.9
2020-05-27,25.26,20.41
2020-05-28,23.76,22.69
2020-05-29,21.48,12.54
2020-05-30,20.08,1.66
2020-05-31,24.98,6.07
2020-06-01,25.3,28.34
2020-06-02,25.76,28.84
2020-06-03,26.0,26.55
2020-06-04,20.4,24.3
2020-06-05,15.31,6.69
2020-06-06,24.85,17.64
2020-06-07,28.0,31.37
2020-06-08,29.39,36.68
2020-06-09,28.5,31.36
2020-06-10,26.25,24.06
2020-06-11,25.17,20.72
2020-06-12,28.99,19.84
2020-06-13,29.15,18.51
2020-06-14,30.36,31.05
2020-06-15,29.38,34.12
2020-06-16,31.18,37.24
2020-06-17,28.85,31.8
2020-06-18,27.52,29.85
2020-06-19,29.8,24.08
2020-06-20,19.98,19.5
2020-06-21,29.57,29.58
2020-06-22,29.09,32.74
2020-06-23,30.99,35.57
2020-06-24,30.26,34.45
2020-06-25,31.47,34.8
2020-06-26,27.86,26.83
2020-06-27,11.24,17.11
2020-06-28,20.92,27.48
2020-06-29,28.11,18.35
2020-06-30,31.66,32.39
2020-07-01,32.54,38.91
2020-07-02,31.99,34.93
2020-07-03,27.29,15.4
2020-07-04,2.66,-15.34
2020-07-05,22.59,14.28
2020-07-06,31.62,31.9
2020-07-07,34.22,41.21
2020-07-08,33.59,42.42
2020-07-09,31.42,36.62
2020-07-10,28.57,28.6
2020-07-11,26.73,24.77
2020-07-12,30.4,34.18
2020-07-13,31.07,36.76
2020-07-14,32.33,41.71
2020-07-15,32.73,44.45
2020-07-16,32.07,37.58
2020-07-17,28.27,29.01
2020-07-18,28.31,27.78
2020-07-19,31.33,32.96
2020-07-20,30.86,31.71
2020-07-21,31.23,34.35
2020-07-22,30.37,35.69
2020-07-23,30.55,31.16
2020-07-24,29.93,25.52
2020-07-25,25.17,12.61
2020-07-26,30.94,32.53
2020-07-27,25.57,22.97
2020-07-28,32.5,20.75
2020-07-29,32.7,35.62
2020-07-30,31.64,38.51
2020-07-31,31.02,28.31
2020-08-01,27.29,28.19
2020-08-02,32.98,36.72
2020-08-03,30.0,36.39
2020-08-04,29.39,29.61
2020-08-05,34.31,33.28
2020-08-06,34.3,35.98
2020-08-07,33.25,32.04
2020-08-08,31.65,28.53
2020-08-09,35.38,36.98
2020-08-10,37.34,36.3
2020-08-11,39.32,35.86
2020-08-12,35.88,38.59
2020-08-13,36.06,40.83
2020-08-14,34.12,31.86
2020-08-15,34.56,28.68
2020-08-16,39.65,40.36
2020-08-17,38.14,42.39
2020-08-18,37.99,38.23
2020-08-19,35.0,38.11
2020-08-20,32.0,31.81
2020-08-21,29.58,23.83
2020-08-22,35.66,16.33
2020-08-23,48.86,44.72
2020-08-24,34.86,38.46
2020-08-25,37.75,17.89
2020-08-26,55.56,46.31
2020-08-27,39.09,40.7
2020-08-28,35.89,35.64
2020-08-29,37.71,33.82
2020-08-30,49.99,54.04
2020-08-31,45.38,49.81
2020-09-01,43.32,49.82
2020-09-02,41.02,40.54
2020-09-03,39.43,38.32
2020-09-04,37.58,33.41
2020-09-05,42.03,34.83
2020-09-06,42.21,43.54
2020-09-07,42.28,37.6
2020-09-08,42.02,36.63
2020-09-09,45.15,47.34
2020-09-10,41.22,47.81
2020-09-11,37.67,31.87
2020-09-12,32.65,20.19
2020-09-13,49.73,53.11
2020-09-14,64.86,70.2
2020-09-15,49.01,53.41
2020-09-16,45.44,46.4
2020-09-17,41.17,42.13
2020-09-18,37.95,36.54
2020-09-19,41.26,37.52
2020-09-20,60.15,61.1
2020-09-21,43.39,53.31
2020-09-22,48.6,46.43
2020-09-23,42.29,38.18
2020-09-24,43.56,41.37
2020-09-25,34.39,33.13
2020-09-26,34.75,30.03
2020-09-27,43.87,47.26
2020-09-28,54.64,58.62
2020-09-29,46.38,50.25
2020-09-30,56.23,41.02
2020-10-01,41.47,35.68
2020-10-02,40.81,16.46
2020-10-03,34.47,7.11
2020-10-04,44.96,32.09
2020-10-05,41.2,34.45
2020-10-06,39.91,36.62
2020-10-07,45.47,29.83
2020-10-08,44.18,39.97
2020-10-09,41.49,31.23
2020-10-10,43.33,32.18
2020-10-11,47.01,46.9
2020-10-12,45.88,45.23
2020-10-13,43.99,35.67
2020-10-14,46.73,40.94
2020-10-15,56.02,46.94
2020-10-16,47.18,40.76
2020-10-17,47.95,30.56
2020-10-18,45.21,44.64
2020-10-19,41.89,35.22
2020-10-20,46.14,32.61
2020-10-21,43.1,32.39
2020-10-22,46.21,44.78
2020-10-23,42.04,30.58
2020-10-24,31.0,13.38
2020-10-25,41.52,38.27
2020-10-26,44.53,34.61
2020-10-27,39.49,29.94
2020-10-28,39.69,32.65
2020-10-29,38.97,30.19
2020-10-30,37.5,31.02
2020-10-31,29.15,16.95
2020-11-01,32.9,23.4
2020-11-02,38.78,35.74
2020-11-03,47.84,40.01
2020-11-04,53.45,38.66
2020-11-05,45.77,40.54
2020-11-06,43.84,36.23
2020-11-07,44.56,36.66
2020-11-08,48.84,44.88
2020-11-09,47.97,48.15
2020-11-10,42.65,45.06
2020-11-11,41.14,40.96
2020-11-12,41.17,40.73
2020-11-13,42.26,36.48
2020-11-14,32.36,7.3
2020-11-15,33.7,28.49
2020-11-16,39.76,38.89
2020-11-17,40.27,36.36
2020-11-18,38.85,26.39
2020-11-19,43.86,43.26
2020-11-20,38.47,30.3
2020-11-21,40.53,29.97
2020-11-22,44.13,43.63
2020-11-23,41.53,42.03
2020-11-24,47.32,46.87
2020-11-25,70.22,56.55
2020-11-26,60.33,64.73
2020-11-27,48.91,46.88
2020-11-28,51.08,45.28
2020-11-29,48.74,52.22
2020-11-30,51.06,53.71
2020-12-01,55.68,73.99
2020-12-02,59.6,48.0
2020-12-03,49.59,41.78
2020-12-04,59.34,46.39
2020-12-05,69.96,42.75
2020-12-06,66.32,44.73
2020-12-07,65.14,61.08
2020-12-08,77.88,75.03
2020-12-09,59.2,69.39
2020-12-10,55.74,45.8
2020-12-11,52.28,45.72
2020-12-12,49.58,43.17
2020-12-13,46.74,42.99
2020-12-14,51.81,50.4
2020-12-15,51.64,50.06
2020-12-16,51.66,44.58
2020-12-17,49.33,42.51
2020-12-18,42.32,32.52
2020-12-19,43.29,40.0
2020-12-20,51.95,38.78
2020-12-21,62.61,27.69
2020-12-22,54.13,43.9
2020-12-23,47.66,24.33
2020-12-24,55.1,34.92
2020-12-25,39.41,19.15
2020-12-26,37.38,-13.45
2020-12-27,58.82,39.21
2020-12-28,61.46,46.21
2020-12-29,65.74,47.07
2020-12-30,61.95,46.7
2020-12-31,61.47,48.4
2021-01-01,61.55,50.56
2021-01-02,60.8,38.62
2021-01-03,61.23,48.02
2021-01-04,66.56,55.34
2021-01-05,130.04,52.68
2021-01-06,93.6,70.93
2021-01-07,106.78,78.34
2021-01-08,68.95,59.32
2021-01-09,66.04,52.16
2021-01-10,65.58,48.15
2021-01-11,97.86,46.1
2021-01-12,145.57,42.47
2021-01-13,198.13,70.58
2021-01-14,181.0,72.89
2021-01-15,57.68,55.85
2021-01-16,54.6,54.0
2021-01-17,61.05,55.95
2021-01-18,58.13,44.95
2021-01-19,59.44,36.28
2021-01-20,58.44,30.07
2021-01-21,61.48,42.53
2021-01-22,66.86,51.72
2021-01-23,71.48,49.17
2021-01-24,69.65,60.84
2021-01-25,68.55,61.37
2021-01-26,68.4,57.99
2021-01-27,57.13,55.31
2021-01-28,56.5,49.68
2021-01-29,60.22,48.48
2021-01-30,59.01,48.23
2021-01-31,73.9,57.47
2021-02-01,56.61,54.62
2021-02-02,55.85,44.53
2021-02-03,57.0,52.04
2021-02-04,57.37,51.39
2021-02-05,57.21,36.38
2021-02-06,50.4,19.38
2021-02-07,54.73,43.52
2021-02-08,62.85,64.32
2021-02-09,77.25,72.21
2021-02-10,69.7,79.3
2021-02-11,57.74,62.13
2021-02-12,51.72,53.22
2021-02-13,47.67,45.89
2021-02-14,52.92,50.75
2021-02-15,49.95,52.43
2021-02-16,48.25,49.67
2021-02-17,47.67,45.4
2021-02-18,46.09,47.71
2021-02-19,40.43,34.05
2021-02-20,43.86,32.92
2021-02-21,53.53,49.9
2021-02-22,45.83,45.58
2021-02-23,42.3,38.13
2021-02-24,46.46,46.16
2021-02-25,52.63,47.63
2021-02-26,54.15,44.94
2021-02-27,52.99,42.07
2021-02-28,62.49,49.77
2021-03-01,76.99,53.5
2021-03-02,105.71,51.91
2021-03-03,56.74,54.08
2021-03-04,74.33,53.6
2021-03-05,58.88,44.71
2021-03-06,60.51,44.82
2021-03-07,64.31,61.61
2021-03-08,55.25,60.92
2021-03-09,50.91,50.82
2021-03-10,44.8,27.43
2021-03-11,45.56,22.29
2021-03-12,47.93,11.93
2021-03-13,44.58,15.75
2021-03-14,66.77,49.28
2021-03-15,57.7,56.01
2021-03-16,56.46,57.65
2021-03-17,56.88,64.86
2021-03-18,63.48,56.45
2021-03-19,56.35,51.34
2021-03-20,55.42,35.42
2021-03-21,55.66,60.48
2021-03-22,53.49,62.33
2021-03-23,54.8,55.54
2021-03-24,54.25,58.85
2021-03-25,50.81,51.37
2021-03-26,45.0,24.69
2021-03-27,33.9,18.25
2021-03-28,43.13,40.81
2021-03-29,52.45,55.73
2021-03-30,55.5,58.72
2021-03-31,54.75,52.29
2021-04-01,56.3,36.5
2021-04-02,58.1,39.56
2021-04-03,50.45,27.69
2021-04-04,27.84,-17.0
2021-04-05,55.68,35.38
2021-04-06,62.01,50.32
2021-04-07,61.7,57.58
2021-04-08,64.55,53.92
2021-04-09,63.54,58.81
2021-04-10,61.87,48.69
2021-04-11,69.26,62.72
2021-04-12,89.28,57.52
2021-04-13,96.21,69.49
2021-04-14,72.0,66.98
2021-04-15,70.04,63.04
2021-04-16,65.98,61.2
2021-04-17,68.8,62.63
2021-04-18,71.66,75.67
2021-04-19,69.0,75.77
2021-04-20,63.31,59.88
2021-04-21,64.36,45.9
2021-04-22,64.92,61.73
2021-04-23,63.0,52.91
2021-04-24,60.9,37.48
2021-04-25,64.75,61.92
2021-04-26,65.94,59.51
2021-04-27,64.45,61.72
2021-04-28,69.23,59.44
2021-04-29,75.52,69.15
2021-04-30,71.02,56.69
2021-05-01,70.48,43.81
2021-05-02,67.48,62.43
2021-05-03,57.35,30.26
2021-05-04,72.16,31.81
2021-05-05,74.67,64.97
2021-05-06,76.44,71.3
2021-05-07,65.51,50.74
2021-05-08,61.92,3.62
2021-05-09,69.8,57.46
2021-05-10,74.97,72.17
2021-05-11,79.6,68.75
2021-05-12,86.71,62.74
2021-05-13,85.71,71.8
2021-05-14,78.73,60.2
2021-05-15,77.6,39.87
2021-05-16,78.85,73.7
2021-05-17,82.75,74.18
2021-05-18,81.1,77.71
2021-05-19,71.67,69.99
2021-05-20,59.25,31.34
2021-05-21,64.52,-7.04
2021-05-22,73.7,21.15
2021-05-23,74.84,31.65
2021-05-24,70.85,59.78
2021-05-25,76.13,65.61
2021-05-26,84.0,71.77
2021-05-27,83.42,73.6
2021-05-28,73.0,56.49
2021-05-29,72.06,37.85
2021-05-30,71.17,67.46
2021-05-31,72.51,68.25
2021-06-01,71.6,66.69
2021-06-02,74.15,61.96
2021-06-03,72.85,71.8
2021-06-04,71.17,62.56
2021-06-05,72.66,59.44
2021-06-06,72.55,77.34
2021-06-07,69.74,76.92
2021-06-08,71.76,76.74
2021-06-09,71.71,78.83
2021-06-10,69.49,78.1
2021-06-11,71.86,39.18
2021-06-12,73.93,19.4
2021-06-13,76.15,74.22
2021-06-14,78.38,82.61
2021-06-15,78.29,85.0
2021-06-16,82.25,77.51
2021-06-17,75.54,80.12
2021-06-18,77.62,70.1
2021-06-19,78.01,58.43
2021-06-20,81.47,77.63
2021-06-21,82.86,84.59
2021-06-22,89.01,92.84
2021-06-23,85.8,94.83
2021-06-24,82.37,89.73
2021-06-25,84.98,79.88
2021-06-26,84.54,64.96
2021-06-27,88.66,88.73
2021-06-28,87.18,91.65
2021-06-29,87.2,92.38
2021-06-30,89.49,89.39
2021-07-01,96.89,96.58
2021-07-02,92.83,83.6
2021-07-03,90.06,82.96
2021-07-04,90.43,93.85
2021-07-05,90.54,80.68
2021-07-06,94.38,99.11
2021-07-07,93.0,109.04
2021-07-08,89.15,91.42
2021-07-09,93.81,80.45
2021-07-10,92.52,77.74
2021-07-11,97.0,93.45
2021-07-12,89.73,95.02
2021-07-13,85.2,87.39
2021-07-14,87.48,89.74
2021-07-15,84.9,84.96
2021-07-16,85.24,61.69
2021-07-17,85.58,45.78
2021-07-18,92.26,89.21
2021-07-19,96.35,91.69
2021-07-20,96.15,89.99
2021-07-21,98.5,87.56
2021-07-22,91.98,88.8
2021-07-23,94.99,75.76
2021-07-24,96.5,60.71
2021-07-25,99.95,88.5
2021-07-26,103.17,87.22
2021-07-27,92.58,79.42
2021-07-28,84.0,46.1
2021-07-29,101.59,64.81
2021-07-30,100.67,29.82
2021-07-31,99.57,58.54
2021-08-01,117.41,80.1
2021-08-02,111.17,96.51
2021-08-03,103.16,98.17
2021-08-04,97.4,94.51
2021-08-05,93.84,71.6
2021-08-06,93.5,61.52
2021-08-07,88.17,5.63
2021-08-08,106.51,67.59
2021-08-09,110.83,90.77
2021-08-10,106.52,100.76
2021-08-11,103.55,106.54
2021-08-12,100.0,94.9
2021-08-13,101.8,63.37
2021-08-14,106.5,61.94
2021-08-15,103.35,67.6
2021-08-16,104.17,57.39
2021-08-17,112.32,78.64
2021-08-18,129.06,91.62
2021-08-19,113.75,102.18
2021-08-20,104.99,91.46
2021-08-21,105.68,78.05
2021-08-22,109.19,93.88
2021-08-23,116.7,95.4
2021-08-24,111.66,84.31
2021-08-25,107.31,92.62
2021-08-26,110.88,95.91
2021-08-27,110.0,84.72
2021-08-28,109.22,80.74
2021-08-29,110.63,106.58
2021-08-30,113.81,110.05
2021-08-31,123.64,111.86
2021-09-01,147.65,118.19
2021-09-02,155.53,110.53
2021-09-03,123.98,106.88
2021-09-04,127.2,97.63
2021-09-05,225.13,127.82
2021-09-06,172.87,127.98
2021-09-07,133.84,124.78
2021-09-08,279.94,130.23
2021-09-09,222.51,138.29
2021-09-10,128.36,129.02
2021-09-11,161.94,105.22
2021-09-12,197.14,141.32
2021-09-13,400.01,143.24
2021-09-14,375.0,168.21
2021-09-15,422.46,158.94
2021-09-16,173.73,156.96
2021-09-17,150.22,133.76
2021-09-18,153.59,94.1
2021-09-19,247.55,150.7
2021-09-20,155.14,149.89
2021-09-21,155.41,145.98
2021-09-22,153.96,73.16
2021-09-23,146.21,108.98
2021-09-24,155.27,127.59
2021-09-25,142.71,125.72
2021-09-26,132.37,143.22
2021-09-27,151.61,155.09
2021-09-28,159.16,133.31
2021-09-29,162.0,112.57
2021-09-30,163.26,100.33
2021-10-01,175.3,104.06
2021-10-02,159.45,40.96
2021-10-03,192.56,158.12
2021-10-04,176.52,159.73
2021-10-05,210.95,184.12
2021-10-06,264.67,302.53
2021-10-07,214.64,203.89
2021-10-08,208.97,139.49
2021-10-09,174.1,144.34
2021-10-10,188.95,167.84
2021-10-11,209.0,167.43
2021-10-12,190.0,188.24
2021-10-13,180.0,167.81
2021-10-14,275.15,116.65
2021-10-15,206.81,156.78
2021-10-16,185.7,142.16
2021-10-17,191.69,189.72
2021-10-18,174.73,153.46
2021-10-19,149.63,60.11
2021-10-20,132.19,61.5
2021-10-21,170.07,71.87
2021-10-22,180.0,139.38
2021-10-23,154.27,99.41
2021-10-24,184.26,173.65
2021-10-25,179.64,178.02
2021-10-26,156.15,143.84
2021-10-27,167.41,153.54
2021-10-28,156.37,112.97
2021-10-29,135.1,84.15
2021-10-30,110.48,61.45
2021-10-31,107.2,95.49
2021-11-01,269.58,204.11
2021-11-02,166.11,193.14
2021-11-03,155.6,172.11
2021-11-04,170.16,160.09
2021-11-05,145.33,76.76
2021-11-06,105.04,35.41
2021-11-07,166.35,177.41
2021-11-08,165.98,163.14
2021-11-09,193.0,176.26
2021-11-10,151.96,190.43
2021-11-11,140.39,166.9
2021-11-12,154.33,156.9
2021-11-13,155.73,169.3
2021-11-14,275.04,227.96
2021-11-15,174.32,237.47
2021-11-16,168.85,180.6
2021-11-17,188.0,139.9
2021-11-18,186.73,131.63
2021-11-19,183.05,110.22
2021-11-20,172.8,144.84
2021-11-21,209.34,233.17
2021-11-22,256.96,241.87
2021-11-23,254.23,273.89
2021-11-24,209.1,243.35
2021-11-25,193.0,188.38
2021-11-26,191.86,202.9
2021-11-27,200.25,201.17
2021-11-28,323.67,265.96
2021-11-29,205.17,123.84
2021-11-30,200.0,91.0
2021-12-01,242.01,195.04
2021-12-02,251.2,149.97
2021-12-03,197.28,196.26
2021-12-04,203.0,157.71
2021-12-05,214.45,265.39
2021-12-06,200.95,216.19
2021-12-07,200.6,184.06
2021-12-08,238.05,277.88
2021-12-09,218.17,239.78
2021-12-10,213.65,237.35
2021-12-11,212.76,183.12
2021-12-12,242.89,264.66
2021-12-13,260.15,295.82
2021-12-14,263.33,295.2
2021-12-15,399.65,344.3
2021-12-16,403.38,338.14
2021-12-17,279.68,259.51
2021-12-18,280.51,119.67
2021-12-19,410.39,331.37
2021-12-20,373.01,431.98
2021-12-21,339.38,416.72
2021-12-22,328.6,300.73
2021-12-23,307.99,196.21
2021-12-24,195.15,198.29
2021-12-25,168.98,172.46
2021-12-26,183.43,148.83
2021-12-27,171.3,104.23
2021-12-28,183.07,155.6
2021-12-29,134.08,73.26
2021-12-30,117.46,12.13
2021-12-31,76.87,82.58
2022-01-01,59.3,47.35
2022-01-02,77.41,76.11
2022-01-03,144.61,153.92
2022-01-04,169.82,107.87
2022-01-05,198.54,194.1
2022-01-06,193.88,167.18
2022-01-07,185.05,165.9
2022-01-08,154.89,146.56
2022-01-09,205.6,261.55
2022-01-10,210.73,255.41
2022-01-11,195.33,233.32
2022-01-12,189.32,180.16
2022-01-13,261.62,178.76
2022-01-14,195.27,216.0
2022-01-15,185.28,133.1
2022-01-16,290.33,129.31
2022-01-17,192.19,235.87
2022-01-18,173.59,172.18
2022-01-19,185.0,117.7
2022-01-20,179.2,159.27
2022-01-21,167.58,175.76
2022-01-22,170.24,193.7
2022-01-23,279.03,245.94
2022-01-24,229.1,297.29
2022-01-25,194.85,234.98
2022-01-26,183.84,120.71
2022-01-27,195.6,174.35
2022-01-28,157.68,92.13
2022-01-29,192.76,55.3
2022-01-30,177.93,195.2
2022-01-31,173.27,150.25
2022-02-01,172.2,140.22
2022-02-02,166.37,193.56
2022-02-03,159.13,132.37
2022-02-04,157.53,88.89
2022-02-05,124.3,52.78
2022-02-06,179.99,84.68
2022-02-07,163.91,137.81
2022-02-08,169.84,165.89
2022-02-09,165.21,192.82
2022-02-10,173.67,184.58
2022-02-11,152.82,143.05
2022-02-12,158.72,83.58
2022-02-13,166.98,102.22
2022-02-14,172.28,155.0
2022-02-15,153.0,117.38
2022-02-16,119.21,68.64
2022-02-17,153.72,117.63
2022-02-18,135.89,39.62
2022-02-19,118.5,67.28
2022-02-20,147.38,75.42
2022-02-21,152.18,123.24
2022-02-22,161.5,130.09
2022-02-23,161.98,123.39
2022-02-24,236.79,119.96
2022-02-25,204.13,225.43
2022-02-26,193.14,182.41
2022-02-27,205.72,208.3
2022-02-28,238.06,241.4
2022-03-01,215.41,278.78
2022-03-02,310.86,338.2
2022-03-03,359.89,358.78
2022-03-04,300.62,344.4
2022-03-05,356.61,340.8
2022-03-06,365.79,410.1
2022-03-07,460.96,487.57
2022-03-08,406.29,446.25
2022-03-09,312.1,279.15
2022-03-10,258.27,80.44
2022-03-11,205.0,124.25
2022-03-12,180.0,115.1
2022-03-13,247.34,281.44
2022-03-14,236.0,300.54
2022-03-15,243.72,245.3
2022-03-16,223.53,225.41
2022-03-17,201.78,228.9
2022-03-18,184.04,130.95
2022-03-19,183.98,49.04
2022-03-20,192.01,205.75
2022-03-21,194.31,236.49
2022-03-22,197.6,236.53
2022-03-23,208.23,238.0
2022-03-24,230.35,244.38
2022-03-25,202.09,189.55
2022-03-26,190.39,200.59
2022-03-27,208.93,221.57
2022-03-28,209.81,250.18
2022-03-29,230.0,271.03
2022-03-30,238.67,209.19
2022-03-31,244.86,160.13
2022-04-01,255.91,166.4
2022-04-02,242.08,172.89
2022-04-03,205.09,75.33
2022-04-04,204.11,183.02
2022-04-05,178.24,121.33
2022-04-06,177.68,74.15
2022-04-07,203.8,120.87
2022-04-08,202.78,59.83
2022-04-09,203.01,74.65
2022-04-10,200.11,223.62
2022-04-11,195.85,184.59
2022-04-12,189.76,222.52
2022-04-13,188.29,227.71
2022-04-14,161.12,192.96
2022-04-15,128.3,149.22
2022-04-16,120.88,108.82
2022-04-17,110.03,120.23
2022-04-18,161.4,213.0
2022-04-19,161.48,203.25
2022-04-20,153.4,199.5
2022-04-21,142.27,172.49
2022-04-22,123.89,93.31
2022-04-23,130.57,108.54
2022-04-24,176.0,223.46
2022-04-25,166.1,238.47
2022-04-26,178.58,222.21
2022-04-27,189.79,230.15
2022-04-28,170.35,228.02
2022-04-29,151.28,201.28
2022-04-30,139.34,194.74
2022-05-01,155.96,219.02
2022-05-02,168.27,218.16
2022-05-03,170.28,231.29
2022-05-04,167.54,234.49
2022-05-05,141.87,225.36
2022-05-06,118.02,201.43
2022-05-07,141.79,171.82
2022-05-08,132.66,216.81
2022-05-09,86.01,183.32
2022-05-10,72.59,159.09
2022-05-11,74.76,169.12
2022-05-12,82.92,168.79
2022-05-13,107.66,152.97
2022-05-14,103.41,149.03
2022-05-15,121.66,211.58
2022-05-16,117.58,225.75
2022-05-17,121.66,206.97
2022-05-18,125.42,210.81
2022-05-19,118.65,209.23
2022-05-20,108.19,103.36
2022-05-21,122.42,166.03
2022-05-22,153.05,188.14
2022-05-23,140.84,162.95
2022-05-24,121.25,177.5
2022-05-25,113.09,67.93
2022-05-26,102.88,46.77
2022-05-27,121.95,36.85
2022-05-28,147.13,156.34
2022-05-29,181.33,225.99
2022-05-30,178.2,210.17
2022-05-31,169.64,215.29
2022-06-01,146.6,188.87
2022-06-02,122.37,184.55
2022-06-03,132.7,162.49
2022-06-04,133.62,141.58
2022-06-05,138.7,91.33
2022-06-06,158.38,183.88
2022-06-07,135.06,190.35
2022-06-08,123.34,185.49
2022-06-09,112.96,185.75
2022-06-10,58.98,134.7
2022-06-11,111.18,116.96
2022-06-12,144.16,165.56
2022-06-13,159.44,194.98
2022-06-14,163.73,211.83
2022-06-15,183.18,201.97
2022-06-16,215.28,255.43
2022-06-17,140.24,195.4
2022-06-18,159.6,154.65
2022-06-19,196.19,267.37
2022-06-20,213.31,288.59
2022-06-21,202.43,323.34
2022-06-22,230.09,295.08
2022-06-23,186.33,274.3
2022-06-24,154.7,240.39
2022-06-25,149.99,201.67
2022-06-26,176.61,316.65
2022-06-27,155.0,331.52
2022-06-28,213.74,315.54
2022-06-29,270.0,325.48
2022-06-30,214.0,314.38
2022-07-01,171.68,218.92
2022-07-02,186.86,200.11
2022-07-03,185.04,293.89
2022-07-04,230.02,318.37
2022-07-05,222.05,303.54
2022-07-06,188.86,213.22
2022-07-07,234.55,295.92
2022-07-08,198.35,148.14
2022-07-09,190.53,115.16
2022-07-10,268.45,372.6
2022-07-11,239.64,377.66
2022-07-12,260.35,352.16
2022-07-13,300.31,367.38
2022-07-14,270.15,329.92
2022-07-15,214.68,174.81
2022-07-16,188.75,221.86
2022-07-17,325.44,396.07
2022-07-18,249.45,397.09
2022-07-19,237.66,332.7
2022-07-20,315.97,396.73
2022-07-21,281.33,377.45
2022-07-22,230.35,324.99
2022-07-23,226.56,260.63
2022-07-24,230.72,309.81
2022-07-25,248.67,316.57
2022-07-26,307.55,424.49
2022-07-27,328.38,473.25
2022-07-28,314.96,438.65
2022-07-29,265.17,380.77
2022-07-30,253.64,317.79
2022-07-31,279.19,424.62
2022-08-01,232.22,380.51
2022-08-02,236.79,384.83
2022-08-03,262.08,414.16
2022-08-04,272.2,380.31
2022-08-05,255.08,273.81
2022-08-06,236.04,214.93
2022-08-07,283.04,359.55
2022-08-08,283.0,344.87
2022-08-09,278.8,335.08
2022-08-10,277.29,368.15
2022-08-11,324.19,436.8
2022-08-12,312.76,377.75
2022-08-13,306.13,330.46
2022-08-14,339.07,426.6
2022-08-15,383.44,490.79
2022-08-16,399.51,551.95
2022-08-17,397.99,563.76
2022-08-18,373.33,515.1
2022-08-19,313.75,457.97
2022-08-20,339.38,364.13
2022-08-21,476.61,563.81
2022-08-22,520.38,605.13
2022-08-23,539.48,624.34
2022-08-24,517.39,599.83
2022-08-25,573.85,699.44
2022-08-26,469.19,607.84
2022-08-27,465.06,401.03
2022-08-28,524.14,658.41
2022-08-29,547.23,660.24
2022-08-30,438.14,604.49
2022-08-31,406.22,571.2
2022-09-01,327.87,422.25
2022-09-02,269.41,287.75
2022-09-03,222.71,242.71
2022-09-04,290.94,357.45
2022-09-05,344.88,417.27
2022-09-06,261.31,462.47
2022-09-07,262.84,443.52
2022-09-08,282.91,345.7
2022-09-09,303.55,404.32
2022-09-10,308.37,391.49
2022-09-11,335.55,408.03
2022-09-12,339.47,392.37
2022-09-13,337.02,455.81
2022-09-14,305.75,369.37
2022-09-15,295.15,201.2
2022-09-16,218.44,68.77
2022-09-17,212.71,77.93
2022-09-18,241.92,261.68
2022-09-19,299.63,363.43
2022-09-20,241.81,379.94
2022-09-21,240.73,387.89
2022-09-22,253.0,368.33
2022-09-23,228.87,351.11
2022-09-24,202.95,276.5
2022-09-25,173.9,245.93
2022-09-26,198.63,310.21
2022-09-27,205.99,386.2
2022-09-28,282.36,417.14
2022-09-29,190.0,315.49
2022-09-30,114.29,82.82
2022-10-01,167.96,114.75
2022-10-02,225.0,209.35
2022-10-03,169.65,246.31
2022-10-04,119.67,103.19
2022-10-05,82.32,100.8
2022-10-06,109.81,163.89
2022-10-07,147.16,145.34
2022-10-08,114.98,146.72
2022-10-09,145.15,162.09
2022-10-10,187.35,259.87
2022-10-11,171.8,282.54
2022-10-12,196.43,257.46
2022-10-13,182.86,260.65
2022-10-14,122.37,156.63
2022-10-15,110.47,95.86
2022-10-16,120.91,152.61
2022-10-17,136.4,183.18
2022-10-18,66.0,168.45
2022-10-19,93.0,140.22
2022-10-20,92.79,163.45
2022-10-21,108.77,139.87
2022-10-22,89.89,95.75
2022-10-23,69.41,80.62
2022-10-24,80.87,105.4
2022-10-25,65.74,121.4
2022-10-26,80.51,124.69
2022-10-27,77.65,105.52
2022-10-28,86.0,101.06
2022-10-29,88.96,116.54
2022-10-30,107.62,145.22
2022-10-31,88.95,68.86
2022-11-01,71.18,71.97
2022-11-02,100.97,103.01
2022-11-03,160.57,178.54
2022-11-04,116.94,132.29
2022-11-05,102.4,51.09
2022-11-06,92.19,76.1
2022-11-07,82.28,95.15
2022-11-08,108.9,126.72
2022-11-09,98.44,137.25
2022-11-10,86.68,125.38
2022-11-11,112.93,162.25
2022-11-12,106.38,144.88
2022-11-13,152.97,160.8
2022-11-14,108.09,177.29
2022-11-15,127.15,143.76
2022-11-16,106.92,99.9
2022-11-17,115.64,171.03
2022-11-18,141.45,198.62
2022-11-19,123.83,210.28
2022-11-20,138.41,253.82
2022-11-21,176.74,203.88
2022-11-22,124.0,177.98
2022-11-23,120.25,237.46
2022-11-24,144.31,257.93
2022-11-25,145.73,239.17
2022-11-26,146.07,146.65
2022-11-27,303.47,291.64
2022-11-28,384.04,371.64
2022-11-29,325.89,393.7
2022-11-30,337.95,394.36
2022-12-01,331.64,339.2
2022-12-02,261.15,281.92
2022-12-03,265.0,268.51
2022-12-04,312.56,341.26
2022-12-05,315.68,386.44
2022-12-06,312.08,324.83
2022-12-07,350.55,387.53
2022-12-08,391.67,411.04
2022-12-09,327.76,354.64
2022-12-10,324.77,326.77
2022-12-11,674.78,433.93
2022-12-12,375.3,444.48
2022-12-13,357.83,443.88
2022-12-14,359.47,396.96
2022-12-15,363.81,411.31
2022-12-16,255.0,268.97
2022-12-17,218.33,189.76
2022-12-18,160.59,191.93
2022-12-19,173.26,185.82
2022-12-20,179.02,214.6
2022-12-21,204.16,192.64
2022-12-22,170.1,185.89
2022-12-23,114.38,111.87
2022-12-24,110.0,106.01
2022-12-25,92.6,40.53
2022-12-26,122.28,91.73
2022-12-27,121.36,45.9
2022-12-28,61.55,13.58
2022-12-29,62.77,14.63
2022-12-30,99.74,-0.79
2022-12-31,90.59,14.91
2023-01-01,162.12,123.82
2023-01-02,147.35,145.95
2023-01-03,103.0,58.94
2023-01-04,124.58,107.46
2023-01-05,109.96,117.47
2023-01-06,95.65,88.81
2023-01-07,82.43,68.94
2023-01-08,125.01,129.29
2023-01-09,125.44,123.13
2023-01-10,103.48,84.08
2023-01-11,108.14,70.74
2023-01-12,98.47,66.64
2023-01-13,87.1,29.34
2023-01-14,101.71,9.26
2023-01-15,156.97,128.75
2023-01-16,161.04,133.57
2023-01-17,138.05,143.76
2023-01-18,150.49,148.21
2023-01-19,162.4,180.66
2023-01-20,143.35,144.39
2023-01-21,158.99,151.15
2023-01-22,183.25,202.73
2023-01-23,179.33,202.69
2023-01-24,157.03,181.74
2023-01-25,145.99,167.67
2023-01-26,158.27,168.76
2023-01-27,141.22,144.7
2023-01-28,134.19,123.59
2023-01-29,118.68,74.21
2023-01-30,130.21,117.32
2023-01-31,123.86,93.08
2023-02-01,132.19,136.15
2023-02-02,130.6,102.61
2023-02-03,139.5,146.01
2023-02-04,140.59,131.37
2023-02-05,159.3,172.96
2023-02-06,172.96,172.92
2023-02-07,148.17,152.1
2023-02-08,144.03,132.54
2023-02-09,141.36,125.92
2023-02-10,138.51,106.27
2023-02-11,142.19,136.31
2023-02-12,146.13,163.5
2023-02-13,138.0,154.49
2023-02-14,133.11,143.52
2023-02-15,137.59,136.73
2023-02-16,116.67,81.15
2023-02-17,113.45,94.67
2023-02-18,118.69,114.05
2023-02-19,118.75,61.42
2023-02-20,135.12,122.45
2023-02-21,133.49,148.65
2023-02-22,133.69,146.12
2023-02-23,129.64,118.3
2023-02-24,131.94,89.29
2023-02-25,138.99,109.82
2023-02-26,144.98,152.27
2023-02-27,141.01,148.05
2023-02-28,136.0,142.97
2023-03-01,136.98,144.31
2023-03-02,140.35,136.76
2023-03-03,131.77,107.47
2023-03-04,129.31,121.79
2023-03-05,135.04,150.67
2023-03-06,137.42,106.87
2023-03-07,131.2,138.89
2023-03-08,128.31,127.2
2023-03-09,116.51,115.61
2023-03-10,128.35,98.61
2023-03-11,105.63,95.53
2023-03-12,97.97,37.14
2023-03-13,111.17,71.48
2023-03-14,133.29,127.72
2023-03-15,115.33,105.57
2023-03-16,114.86,92.35
2023-03-17,114.59,109.34
2023-03-18,116.99,111.99
2023-03-19,115.37,125.17
2023-03-20,102.49,115.05
2023-03-21,81.41,80.18
2023-03-22,87.64,74.71
2023-03-23,84.61,53.12
2023-03-24,81.15,14.67
2023-03-25,108.95,70.62
2023-03-26,118.55,92.32
2023-03-27,111.91,113.15
2023-03-28,106.2,116.54
2023-03-29,102.93,81.44
2023-03-30,111.29,97.59
2023-03-31,105.97,55.77
2023-04-01,109.73,67.33
2023-04-02,114.29,114.8
2023-04-03,121.1,132.07
2023-04-04,125.46,140.97
2023-04-05,113.51,124.28
2023-04-06,106.99,108.63
2023-04-07,106.36,116.89
2023-04-08,94.95,105.05
2023-04-09,72.0,39.97
2023-04-10,83.83,59.99
2023-04-11,88.97,107.69
2023-04-12,99.0,108.41
2023-04-13,118.97,128.8
2023-04-14,103.45,106.8
2023-04-15,101.94,110.1
2023-04-16,105.08,124.24
2023-04-17,101.0,108.23
2023-04-18,96.58,87.52
2023-04-19,102.2,111.71
2023-04-20,101.86,89.48
2023-04-21,98.48,84.47
2023-04-22,96.49,85.8
2023-04-23,99.75,104.6
2023-04-24,104.65,101.0
2023-04-25,112.19,110.72
2023-04-26,99.39,112.09
2023-04-27,93.21,106.0
2023-04-28,97.01,100.65
2023-04-29,91.74,68.29
2023-04-30,88.55,87.55
2023-05-01,98.34,106.1
2023-05-02,90.52,107.8
2023-05-03,82.4,97.5
2023-05-04,86.46,96.05
2023-05-05,85.0,89.52
2023-05-06,86.96,66.98
2023-05-07,88.96,96.37
2023-05-08,91.66,94.64
2023-05-09,92.82,107.89
2023-05-10,97.0,116.14
2023-05-11,86.6,100.51
2023-05-12,81.56,78.35
2023-05-13,81.63,72.0
2023-05-14,81.61,113.84
2023-05-15,82.79,79.3
2023-05-16,84.25,78.58
2023-05-17,81.43,86.73
2023-05-18,79.72,87.28
2023-05-19,73.63,46.81
2023-05-20,72.72,28.46
2023-05-21,74.15,97.33
2023-05-22,72.82,72.79
2023-05-23,75.21,102.27
2023-05-24,73.99,81.65
2023-05-25,71.07,69.98
2023-05-26,61.0,62.67
2023-05-27,59.62,26.55
2023-05-28,54.76,21.45
2023-05-29,68.83,87.74
2023-05-30,69.7,72.32
2023-05-31,67.51,72.9
2023-06-01,69.27,81.02
2023-06-02,63.26,56.37
2023-06-03,61.43,49.67
2023-06-04,71.05,90.76
2023-06-05,75.76,98.14
2023-06-06,78.5,100.93
2023-06-07,70.33,84.52
2023-06-08,70.51,86.68
2023-06-09,58.99,55.13
2023-06-10,77.74,40.75
2023-06-11,92.01,96.4
2023-06-12,86.24,90.03
2023-06-13,86.2,102.94
2023-06-14,97.54,120.31
2023-06-15,108.76,127.52
2023-06-16,95.28,104.54
2023-06-17,88.82,93.02
2023-06-18,97.58,116.97
2023-06-19,102.21,121.15
2023-06-20,106.04,123.47
2023-06-21,108.68,125.71
2023-06-22,94.72,106.41
2023-06-23,83.03,81.82
2023-06-24,63.92,75.48
2023-06-25,85.27,97.49
2023-06-26,91.42,101.95
2023-06-27,94.52,112.52
2023-06-28,94.5,118.08
2023-06-29,85.95,110.03
2023-06-30,47.42,66.41
2023-07-01,-15.41,-53.87
2023-07-02,63.0,53.22
2023-07-03,90.54,85.12
2023-07-04,84.5,69.8
2023-07-05,90.73,107.2
2023-07-06,82.45,102.97
2023-07-07,67.5,82.19
2023-07-08,85.0,89.33
2023-07-09,91.01,113.99
2023-07-10,88.38,105.96
2023-07-11,78.15,87.51
2023-07-12,82.66,97.71
2023-07-13,73.07,96.97
2023-07-14,33.35,33.32
2023-07-15,7.34,14.53
2023-07-16,72.34,81.92
2023-07-17,87.87,106.46
2023-07-18,80.79,97.32
2023-07-19,79.34,96.51
2023-07-20,77.22,104.4
2023-07-21,74.09,76.73
2023-07-22,45.68,30.92
2023-07-23,77.91,90.53
2023-07-24,80.43,104.15
2023-07-25,83.0,95.24
2023-07-26,84.1,93.91
2023-07-27,79.59,95.92
2023-07-28,65.15,76.68
2023-07-29,40.67,31.75
2023-07-30,68.25,70.97
2023-07-31,72.66,79.43
2023-08-01,70.58,68.29
2023-08-02,62.08,45.41
2023-08-03,78.6,98.59
2023-08-04,74.17,90.31
2023-08-05,56.34,57.91
2023-08-06,74.92,19.44
2023-08-07,73.46,12.06
2023-08-08,80.47,88.35
2023-08-09,81.67,102.17
2023-08-10,82.68,100.44
2023-08-11,67.6,80.14
2023-08-12,69.97,65.21
2023-08-13,83.26,103.37
2023-08-14,84.79,93.56
2023-08-15,89.5,110.81
2023-08-16,85.01,111.36
2023-08-17,82.54,108.99
2023-08-18,58.0,84.79
2023-08-19,81.21,90.12
2023-08-20,91.69,121.11
2023-08-21,94.67,123.15
2023-08-22,107.96,146.55
2023-08-23,114.01,146.95
2023-08-24,94.13,116.26
2023-08-25,84.69,96.52
2023-08-26,85.57,101.9
2023-08-27,88.2,118.67
2023-08-28,96.01,122.9
2023-08-29,92.57,114.93
2023-08-30,90.44,104.3
2023-08-31,91.08,108.57
2023-09-01,82.97,95.13
2023-09-02,83.45,82.65
2023-09-03,88.9,108.45
2023-09-04,86.86,103.54
2023-09-05,86.38,105.62
2023-09-06,87.28,100.99
2023-09-07,88.8,108.23
2023-09-08,84.2,91.51
2023-09-09,84.79,85.3
2023-09-10,97.76,152.87
2023-09-11,98.62,131.45
2023-09-12,88.97,109.94
2023-09-13,87.01,120.47
2023-09-14,90.73,108.19
2023-09-15,81.21,95.2
2023-09-16,82.32,87.62
2023-09-17,81.69,95.3
2023-09-18,62.5,37.52
2023-09-19,49.94,49.46
2023-09-20,82.95,103.06
2023-09-21,84.88,103.98
2023-09-22,90.3,99.52
2023-09-23,50.52,68.82
2023-09-24,72.65,105.8
2023-09-25,94.49,128.77
2023-09-26,94.5,124.48
2023-09-27,66.03,112.52
2023-09-28,78.68,105.27
2023-09-29,88.18,91.5
2023-09-30,76.86,74.04
2023-10-01,97.18,118.15
2023-10-02,58.12,22.96
2023-10-03,64.54,69.49
2023-10-04,75.81,101.61
2023-10-05,59.6,71.6
2023-10-06,51.42,44.95
2023-10-07,79.94,90.64
2023-10-08,96.92,116.01
2023-10-09,84.94,112.39
2023-10-10,72.71,59.8
2023-10-11,110.58,122.71
2023-10-12,80.84,68.41
2023-10-13,39.54,26.53
2023-10-14,87.29,39.62
2023-10-15,133.03,133.7
2023-10-16,107.0,130.12
2023-10-17,60.59,98.44
2023-10-18,72.32,93.41
2023-10-19,73.0,87.24
2023-10-20,76.06,54.32
2023-10-21,85.56,63.95
2023-10-22,109.6,125.02
2023-10-23,104.81,117.99
2023-10-24,108.75,124.31
2023-10-25,110.02,121.35
2023-10-26,103.33,118.35
2023-10-27,72.5,83.37
2023-10-28,40.21,23.03
2023-10-29,94.79,92.89
2023-10-30,107.85,104.95
2023-10-31,76.53,62.89
2023-11-01,65.43,59.77
2023-11-02,65.71,56.57
2023-11-03,93.0,24.82
2023-11-04,92.51,29.91
2023-11-05,94.99,72.04
2023-11-06,89.63,99.75
2023-11-07,87.73,89.72
2023-11-08,96.39,97.22
2023-11-09,98.0,94.05
2023-11-10,93.68,96.79
2023-11-11,96.96,97.99
2023-11-12,89.1,94.89
2023-11-13,81.04,65.51
2023-11-14,85.33,102.41
2023-11-15,125.5,117.63
2023-11-16,112.8,121.34
2023-11-17,86.24,91.4
2023-11-18,62.46,38.2
2023-11-19,92.95,106.08
2023-11-20,103.33,123.3
2023-11-21,97.29,109.69
2023-11-22,77.41,61.64
2023-11-23,78.21,63.87
2023-11-24,106.86,94.6
2023-11-25,111.45,116.35
2023-11-26,109.29,114.51
2023-11-27,111.94,121.94
2023-11-28,122.16,140.02
2023-11-29,137.73,168.76
2023-11-30,141.8,156.4
2023-12-01,110.67,116.41
2023-12-02,102.44,104.72
2023-12-03,102.73,111.76
2023-12-04,101.57,114.39
2023-12-05,111.0,129.54
2023-12-06,85.2,116.6
2023-12-07,89.18,103.68
2023-12-08,77.9,78.41
2023-12-09,65.57,55.87
2023-12-10,82.8,79.05
2023-12-11,84.65,106.06
2023-12-12,81.67,93.04
2023-12-13,83.12,107.12
2023-12-14,78.27,93.24
2023-12-15,65.75,70.7
2023-12-16,51.11,50.72
2023-12-17,68.26,77.97
2023-12-18,67.23,76.29
2023-12-19,57.9,62.01
2023-12-20,46.23,25.28
2023-12-21,37.37,22.66
2023-12-22,25.16,30.74
2023-12-23,-0.15,-3.37
2023-12-24,21.34,0.41
2023-12-25,49.96,16.62
2023-12-26,56.96,60.8
2023-12-27,32.28,16.67
2023-12-28,38.43,6.36
2023-12-29,59.36,34.06
2023-12-30,65.27,9.9
2023-12-31,62.88,16.18
2024-01-01,59.79,53.07
2024-01-02,64.73,45.22
2024-01-03,80.44,85.41
2024-01-04,82.86,91.37
2024-01-05,82.0,88.72
2024-01-06,84.73,86.33
2024-01-07,89.71,102.23
2024-01-08,90.75,109.39
2024-01-09,91.3,111.84
2024-01-10,90.0,109.65
2024-01-11,88.92,106.04
2024-01-12,76.5,74.57
2024-01-13,74.46,76.15
2024-01-14,78.47,86.5
2024-01-15,84.8,101.14
2024-01-16,84.32,99.61
2024-01-17,76.34,92.74
2024-01-18,70.73,78.51
2024-01-19,66.0,73.66
2024-01-20,53.99,50.26
2024-01-21,54.94,49.84
2024-01-22,58.63,52.28
2024-01-23,53.0,33.12
2024-01-24,66.91,78.02
2024-01-25,60.5,59.23
2024-01-26,62.0,68.35
2024-01-27,57.25,59.28
2024-01-28,70.9,81.03
2024-01-29,69.0,77.97
2024-01-30,64.08,76.0
2024-01-31,65.39,72.04
2024-02-01,60.05,61.66
2024-02-02,44.0,35.97
2024-02-03,34.07,14.78
2024-02-04,54.2,35.84
2024-02-05,55.63,45.29
2024-02-06,74.99,79.16
2024-02-07,68.57,88.7
2024-02-08,59.09,70.52
2024-02-09,66.83,72.13
2024-02-10,67.6,61.96
2024-02-11,66.3,74.75
2024-02-12,64.51,72.23
2024-02-13,63.99,68.16
2024-02-14,62.5,70.5
2024-02-15,62.4,61.06
2024-02-16,60.66,66.65
2024-02-17,57.53,53.18
2024-02-18,57.49,65.29
2024-02-19,56.97,63.22
2024-02-20,53.48,57.57
2024-02-21,51.67,50.92
2024-02-22,56.36,43.74
2024-02-23,59.94,57.2
2024-02-24,60.47,61.09
2024-02-25,59.0,66.27
2024-02-26,61.3,73.84
2024-02-27,60.77,71.82
2024-02-28,57.22,63.2
2024-02-29,63.25,71.01
2024-03-01,63.7,64.22
2024-03-02,67.22,60.47
2024-03-03,67.25,75.89
2024-03-04,64.73,74.6
2024-03-05,70.59,82.84
2024-03-06,67.31,76.32
2024-03-07,61.81,62.33
2024-03-08,51.0,45.61
2024-03-09,53.36,34.0
2024-03-10,68.82,71.67
2024-03-11,66.6,86.47
2024-03-12,59.28,72.46
2024-03-13,60.59,67.06
2024-03-14,57.5,55.9
2024-03-15,64.66,50.36
2024-03-16,59.6,61.81
2024-03-17,68.9,81.25
2024-03-18,68.79,81.57
2024-03-19,75.09,91.34
2024-03-20,67.15,81.39
2024-03-21,55.97,68.54
2024-03-22,11.0,37.58
2024-03-23,33.31,25.87
2024-03-24,71.3,84.56
2024-03-25,70.49,66.14
2024-03-26,62.81,76.3
2024-03-27,57.47,51.35
2024-03-28,59.31,37.76
2024-03-29,67.98,53.25
2024-03-30,64.63,55.45
2024-03-31,64.84,35.88
2024-04-01,68.1,33.35
2024-04-02,60.86,87.37
2024-04-03,61.58,64.53
2024-04-04,42.1,46.59
2024-04-05,7.42,29.74
2024-04-06,7.01,20.76
2024-04-07,59.45,84.87
2024-04-08,52.8,57.99
2024-04-09,52.5,69.91
2024-04-10,46.0,58.81
2024-04-11,30.76,60.95
2024-04-12,11.0,13.82
2024-04-13,22.13,16.75
2024-04-14,27.05,70.19
2024-04-15,36.59,56.26
2024-04-16,70.19,102.01
2024-04-17,73.91,95.82
2024-04-18,44.43,58.82
2024-04-19,67.95,58.24
2024-04-20,70.29,55.15
2024-04-21,76.14,98.53
2024-04-22,73.5,97.76
2024-04-23,70.22,94.3
2024-04-24,75.53,90.63
2024-04-25,77.04,86.44
2024-04-26,72.51,62.17
2024-04-27,60.95,12.99
2024-04-28,65.3,80.8
2024-04-29,64.73,69.38
2024-04-30,69.17,4.39
2024-05-01,63.56,36.42
2024-05-02,68.89,77.81
2024-05-03,72.86,75.15
2024-05-04,77.21,54.16
2024-05-05,76.99,93.18
2024-05-06,76.0,93.04
2024-05-07,77.27,91.82
2024-05-08,73.3,61.86
2024-05-09,75.2,75.99
2024-05-10,68.59,53.65
2024-05-11,50.97,1.78
2024-05-12,69.31,46.41
2024-05-13,64.86,27.68
2024-05-14,70.85,42.93
2024-05-15,73.3,49.56
2024-05-16,74.0,69.01
2024-05-17,72.66,55.8
2024-05-18,72.1,52.5
2024-05-19,75.23,64.98
2024-05-20,78.81,79.81
2024-05-21,76.13,85.84
2024-05-22,63.32,93.87
2024-05-23,85.5,102.19
2024-05-24,80.5,72.26
2024-05-25,75.69,57.93
2024-05-26,80.23,106.88
2024-05-27,82.47,90.75
2024-05-28,75.84,79.18
2024-05-29,70.98,97.45
2024-05-30,66.09,89.22
2024-05-31,57.0,58.95
2024-06-01,60.91,23.24
2024-06-02,83.18,117.14
2024-06-03,73.82,107.23
2024-06-04,65.33,81.72
2024-06-05,79.09,86.37
2024-06-06,67.34,83.15
2024-06-07,36.99,45.97
2024-06-08,30.71,27.26
2024-06-09,70.7,92.65
2024-06-10,73.78,61.63
2024-06-11,84.61,91.19
2024-06-12,80.41,94.78
2024-06-13,70.66,78.4
2024-06-14,72.55,7.64
2024-06-15,70.98,21.4
2024-06-16,84.84,94.34
2024-06-17,85.12,96.2
2024-06-18,81.79,84.31
2024-06-19,83.39,93.8
2024-06-20,80.3,97.14
2024-06-21,77.62,52.22
2024-06-22,77.74,50.05
2024-06-23,83.21,92.09
2024-06-24,82.11,75.6
2024-06-25,84.19,492.04
2024-06-26,61.85,91.79
2024-06-27,37.95,63.05
2024-06-28,75.21,70.55
2024-06-29,76.34,43.77
2024-06-30,78.82,91.89
2024-07-01,76.67,85.68
2024-07-02,70.5,87.62
2024-07-03,14.65,28.1
2024-07-04,59.26,36.99
2024-07-05,47.0,7.36
2024-07-06,60.8,21.65
2024-07-07,84.99,88.42
2024-07-08,74.84,77.69
2024-07-09,66.67,79.01
2024-07-10,73.89,91.27
2024-07-11,72.0,90.6
2024-07-12,67.39,28.69
2024-07-13,59.42,24.38
2024-07-14,76.14,77.67
2024-07-15,70.7,50.3
2024-07-16,74.91,76.38
2024-07-17,77.02,90.74
2024-07-18,73.7,85.9
2024-07-19,74.49,61.99
2024-07-20,69.28,54.33
2024-07-21,72.53,91.23
2024-07-22,73.5,79.51
2024-07-23,75.08,65.86
2024-07-24,71.54,79.28
2024-07-25,73.49,90.95
2024-07-26,74.7,80.83
2024-07-27,69.55,46.02
2024-07-28,75.06,71.62
2024-07-29,76.22,77.24
2024-07-30,78.56,79.4
2024-07-31,81.9,94.87
2024-08-01,74.33,93.81
2024-08-02,79.21,75.29
2024-08-03,72.66,62.09
2024-08-04,61.31,99.86
2024-08-05,72.32,86.98
2024-08-06,53.16,92.91
2024-08-07,64.19,93.15
2024-08-08,16.56,53.32
2024-08-09,31.85,49.85
2024-08-10,71.7,54.72
2024-08-11,47.67,92.06
2024-08-12,72.5,99.74
2024-08-13,80.64,108.01
2024-08-14,52.28,85.53
2024-08-15,67.29,108.04
2024-08-16,64.24,93.24
2024-08-17,49.35,88.24
2024-08-18,75.51,108.2
2024-08-19,54.94,92.11
2024-08-20,37.05,52.62
2024-08-21,29.31,63.04
2024-08-22,32.1,39.13
2024-08-23,59.1,49.81
2024-08-24,12.51,21.86
2024-08-25,52.39,99.59
2024-08-26,59.11,90.9
2024-08-27,81.87,95.92
2024-08-28,83.36,112.91
2024-08-29,88.38,106.64
2024-08-30,66.29,79.05
2024-08-31,48.97,61.65
2024-09-01,90.36,115.07
2024-09-02,93.63,158.39
2024-09-03,91.94,125.84
2024-09-04,78.34,64.42
2024-09-05,73.33,76.13
2024-09-06,83.33,79.42
2024-09-07,78.08,69.0
2024-09-08,79.05,99.73
2024-09-09,35.5,59.04
2024-09-10,50.04,80.94
2024-09-11,78.0,112.34
2024-09-12,83.73,90.81
2024-09-13,62.6,53.83
2024-09-14,70.59,62.13
2024-09-15,84.99,97.47
2024-09-16,80.8,88.89
2024-09-17,78.25,77.98
2024-09-18,79.28,77.87
2024-09-19,80.08,73.37
2024-09-20,75.0,70.02
2024-09-21,80.68,76.18
2024-09-22,89.06,121.36
2024-09-23,81.4,91.77
2024-09-24,85.16,75.14
2024-09-25,73.69,55.0
2024-09-26,54.38,14.76
2024-09-27,76.8,29.07
2024-09-28,84.41,58.35
2024-09-29,66.88,33.32
2024-09-30,71.78,67.84
2024-10-01,82.37,95.86
2024-10-02,87.67,72.66
2024-10-03,83.79,96.13
2024-10-04,76.24,85.93
2024-10-05,65.54,54.9
2024-10-06,89.05,83.72
2024-10-07,89.09,91.32
2024-10-08,81.19,83.07
2024-10-09,71.65,59.73
2024-10-10,87.67,95.2
2024-10-11,76.08,56.37
2024-10-12,67.84,8.11
2024-10-13,102.16,105.59
2024-10-14,87.12,95.0
2024-10-15,67.88,35.08
2024-10-16,89.6,71.52
2024-10-17,86.58,102.27
2024-10-18,85.51,85.52
2024-10-19,38.67,35.51
2024-10-20,62.13,83.04
2024-10-21,86.97,103.01
2024-10-22,91.02,112.0
2024-10-23,83.19,101.68
2024-10-24,100.91,112.72
2024-10-25,92.0,101.72
2024-10-26,84.02,90.33
2024-10-27,96.78,111.35
2024-10-28,107.89,141.18
2024-10-29,104.41,124.69
2024-10-30,92.5,105.79
2024-10-31,90.1,75.06
2024-11-01,89.5,106.76
2024-11-02,90.13,93.43
2024-11-03,102.98,125.87
2024-11-04,112.44,164.79
2024-11-05,118.48,231.09
2024-11-06,102.1,159.62
2024-11-07,96.1,113.39
2024-11-08,99.11,114.47
2024-11-09,95.84,114.17
2024-11-10,93.4,121.77
2024-11-11,113.08,166.12
2024-11-12,113.0,150.09
2024-11-13,106.5,122.02
2024-11-14,101.0,124.17
2024-11-15,89.1,94.36
2024-11-16,79.45,63.48
2024-11-17,106.33,104.59
2024-11-18,101.83,123.99
2024-11-19,98.18,115.03
2024-11-20,102.9,123.32
2024-11-21,104.8,111.3
2024-11-22,90.74,76.02
2024-11-23,30.39,3.97
2024-11-24,68.1,55.01
2024-11-25,110.98,112.75
2024-11-26,106.25,119.99
2024-11-27,105.19,96.07
2024-11-28,100.05,130.25
2024-11-29,94.11,104.24
2024-11-30,91.44,94.59
2024-12-01,90.44,109.15
2024-12-02,113.4,144.07
2024-12-03,122.89,182.47
2024-12-04,93.48,106.2
2024-12-05,77.75,86.37
2024-12-06,66.1,71.51
2024-12-07,65.59,99.07
2024-12-08,92.3,99.59
2024-12-09,112.42,149.93
2024-12-10,175.05,266.54
2024-12-11,198.72,395.34
2024-12-12,150.98,178.47
2024-12-13,92.86,101.23
2024-12-14,60.0,46.85
2024-12-15,64.06,48.67
2024-12-16,83.77,86.3
2024-12-17,61.02,54.97
2024-12-18,62.09,52.03
2024-12-19,74.83,76.37
2024-12-20,28.89,22.14
2024-12-21,17.73,22.93
2024-12-22,74.26,59.1
2024-12-23,84.43,102.49
2024-12-24,83.88,98.63
2024-12-25,98.63,112.89
2024-12-26,103.13,121.71
2024-12-27,101.0,122.64
2024-12-28,89.53,105.28
2024-12-29,87.51,78.16
2024-12-30,56.98,62.1
2024-12-31,48.28,0.95
2025-01-01,103.79,92.91
2025-01-02,106.95,89.94
2025-01-03,109.87,120.79
2025-01-04,99.42,72.24
2025-01-05,88.89,25.16
2025-01-06,88.81,58.29
2025-01-07,161.56,104.53
2025-01-08,106.72,121.53
2025-01-09,188.77,112.43
2025-01-10,106.32,101.89
2025-01-11,105.8,110.07
2025-01-12,104.39,129.2
2025-01-13,115.49,126.82
2025-01-14,131.83,222.18
2025-01-15,113.0,148.1
2025-01-16,106.1,146.32
2025-01-17,107.27,134.15
2025-01-18,119.45,128.72
2025-01-19,237.16,231.36
2025-01-20,172.94,168.46
2025-01-21,241.49,161.45
2025-01-22,107.04,103.94
2025-01-23,92.61,78.9
2025-01-24,92.6,99.33
2025-01-25,98.72,101.46
2025-01-26,90.82,60.17
2025-01-27,101.38,106.37
2025-01-28,98.27,108.14
2025-01-29,115.92,131.53
2025-01-30,130.7,141.02
2025-01-31,112.69,135.45
2025-02-01,112.45,137.13
2025-02-02,118.14,154.51
2025-02-03,109.99,142.42
2025-02-04,117.7,141.77
2025-02-05,118.86,150.09
2025-02-06,111.99,121.18
2025-02-07,115.38,108.81
2025-02-08,118.53,128.42
2025-02-09,117.22,121.84
2025-02-10,124.2,120.01
2025-02-11,127.75,154.32
2025-02-12,129.5,172.12
2025-02-13,126.48,179.14
2025-02-14,112.38,133.66
2025-02-15,107.01,132.65
2025-02-16,118.75,153.42
2025-02-17,107.19,132.45
2025-02-18,99.13,110.83
2025-02-19,87.49,94.95
2025-02-20,70.13,90.8
2025-02-21,73.13,70.32
2025-02-22,58.54,91.04
2025-02-23,69.87,91.05
2025-02-24,96.73,139.76
2025-02-25,103.58,135.7
2025-02-26,97.28,126.03
2025-02-27,99.83,128.77
2025-02-28,97.49,123.65
2025-03-01,90.0,91.12
2025-03-02,97.58,106.45
2025-03-03,96.09,107.77
2025-03-04,80.16,78.55
2025-03-05,81.41,89.82
2025-03-06,91.09,103.99
2025-03-07,82.05,90.69
2025-03-08,88.34,77.21
2025-03-09,90.95,112.86
2025-03-10,92.1,125.3
2025-03-11,96.1,124.87
2025-03-12,103.53,125.14
2025-03-13,103.77,121.23
2025-03-14,94.51,92.92
2025-03-15,96.29,72.03
2025-03-16,97.49,99.11
2025-03-17,93.6,90.14
2025-03-18,99.17,104.39
2025-03-19,97.67,108.3
2025-03-20,63.57,73.52
2025-03-21,68.73,14.96
2025-03-22,94.9,54.96
2025-03-23,100.17,129.88
2025-03-24,96.01,111.78
2025-03-25,94.61,114.53
2025-03-26,87.77,98.97
2025-03-27,69.64,88.34
2025-03-28,71.23,84.51
2025-03-29,34.55,11.68
2025-03-30,96.04,104.4
2025-03-31,87.95,94.22
2025-04-01,79.64,61.62
2025-04-02,70.94,77.5
2025-04-03,74.0,89.91
2025-04-04,54.0,54.83
2025-04-05,68.63,38.29
2025-04-06,90.18,96.13
2025-04-07,86.4,98.75
2025-04-08,83.11,91.56
2025-04-09,82.49,85.52
2025-04-10,81.51,64.63
2025-04-11,74.44,65.41
2025-04-12,69.62,39.2
2025-04-13,81.43,98.16
2025-04-14,84.06,70.04
2025-04-15,65.49,89.58
2025-04-16,82.79,98.49
2025-04-17,81.74,87.9
2025-04-18,70.73,68.92
2025-04-19,84.56,65.26
2025-04-20,86.02,81.99
2025-04-21,89.5,112.64
2025-04-22,89.0,109.48
2025-04-23,84.5,96.8
2025-04-24,82.0,88.53
2025-04-25,80.33,57.39
2025-04-26,57.5,31.43
2025-04-27,78.89,75.75
2025-04-28,79.88,73.2
2025-04-29,78.51,74.96
2025-04-30,75.3,44.97
2025-05-01,75.82,62.79
2025-05-02,52.02,55.08
2025-05-03,36.26,33.54
2025-05-04,76.27,87.4
2025-05-05,82.26,90.96
2025-05-06,83.71,98.93
2025-05-07,85.87,103.18
2025-05-08,83.8,81.11
2025-05-09,67.87,52.3
2025-05-10,51.24,19.41
2025-05-11,77.53,69.61
2025-05-12,80.8,79.5
2025-05-13,79.0,69.07
2025-05-14,78.8,66.24
2025-05-15,75.27,73.4
2025-05-16,73.29,59.51
2025-05-17,76.11,62.93
2025-05-18,84.08,95.54
2025-05-19,87.38,91.14
2025-05-20,84.32,71.35
2025-05-21,85.11,61.22
2025-05-22,88.58,82.57
2025-05-23,62.9,58.1
2025-05-24,2.87,23.71
2025-05-25,23.2,72.91
2025-05-26,61.52,61.85
2025-05-27,76.71,84.19
2025-05-28,52.08,56.29
2025-05-29,56.54,48.19
2025-05-30,59.85,70.51
2025-05-31,22.45,39.58
2025-06-01,70.57,87.04
2025-06-02,27.75,71.69
2025-06-03,55.87,83.11
2025-06-04,74.99,80.16
2025-06-05,70.96,48.63
2025-06-06,83.67,59.72
2025-06-07,44.0,22.64
2025-06-08,82.92,33.31
2025-06-09,77.5,54.12
2025-06-10,83.21,71.6
2025-06-11,50.52,59.28
2025-06-12,79.5,52.09
2025-06-13,73.87,44.38
2025-06-14,65.84,61.84
2025-06-15,88.01,81.1
2025-06-16,83.51,84.65
2025-06-17,87.75,79.82
2025-06-18,93.3,56.02
2025-06-19,90.28,87.05
2025-06-20,75.95,72.61
2025-06-21,47.75,41.47
2025-06-22,23.66,38.74
2025-06-23,49.2,47.22
2025-06-24,87.28,80.15
2025-06-25,72.9,91.36
2025-06-26,61.09,81.19
2025-06-27,37.94,52.51
2025-06-28,73.6,54.12
2025-06-29,84.83,102.42
2025-06-30,94.17,138.36
2025-07-01,88.2,103.89
2025-07-02,76.46,86.47
2025-07-03,61.92,79.62
2025-07-04,35.0,53.86
2025-07-05,69.98,73.49
2025-07-06,62.95,99.97
2025-07-07,73.82,90.01
2025-07-08,84.27,91.8
2025-07-09,84.7,90.41
2025-07-10,83.76,87.88
2025-07-11,77.88,72.26
2025-07-12,86.3,73.49
2025-07-13,78.73,98.47
2025-07-14,80.68,90.82
2025-07-15,85.08,95.75
2025-07-16,86.9,92.61
2025-07-17,89.89,100.93
2025-07-18,83.72,70.14
2025-07-19,76.53,71.48
2025-07-20,84.59,100.23
2025-07-21,80.66,78.38
2025-07-22,82.16,78.25
2025-07-23,82.16,102.55
2025-07-24,81.4,97.43
2025-07-25,77.79,91.16
2025-07-26,73.88,79.43
2025-07-27,82.04,94.08
2025-07-28,82.82,76.95
2025-07-29,84.45,75.95
2025-07-30,83.0,85.52
2025-07-31,75.23,93.19
2025-08-01,76.0,67.15
2025-08-02,59.84,42.25
2025-08-03,46.82,63.46
2025-08-04,16.79,36.05
2025-08-05,68.22,61.94
2025-08-06,54.45,71.79
2025-08-07,58.64,76.16
2025-08-08,37.79,61.42
2025-08-09,74.96,46.8
2025-08-10,86.92,84.48
2025-08-11,86.5,84.95
2025-08-12,90.0,99.83
2025-08-13,89.83,105.06
2025-08-14,81.04,73.61
2025-08-15,78.41,60.93
2025-08-16,77.27,64.05
2025-08-17,84.29,91.53
2025-08-18,78.07,82.39
2025-08-19,77.63,91.01
2025-08-20,80.0,92.68
2025-08-21,82.2,73.69
2025-08-22,84.25,67.88
2025-08-23,83.8,63.05
2025-08-24,73.16,89.09
2025-08-25,78.04,99.79
2025-08-26,84.63,104.62
2025-08-27,83.35,115.89
2025-08-28,80.23,94.12
2025-08-29,65.93,70.2
2025-08-30,18.54,57.62
2025-08-31,43.72,101.46
2025-09-01,80.19,122.09
2025-09-02,73.47,65.67
2025-09-03,76.24,87.61
2025-09-04,84.0,99.92
2025-09-05,62.33,75.45
2025-09-06,15.2,42.13
2025-09-07,83.03,123.56
2025-09-08,87.15,142.45
2025-09-09,74.98,125.95
2025-09-10,42.24,72.18
2025-09-11,38.33,54.13
2025-09-12,44.69,60.96
2025-09-13,64.14,71.72
2025-09-14,10.1,8.83
2025-09-15,28.65,19.52
2025-09-16,73.53,75.34
2025-09-17,48.16,65.73
2025-09-18,77.0,96.48
2025-09-19,78.71,58.71
2025-09-20,37.05,32.18
2025-09-21,81.84,97.5
2025-09-22,90.41,103.09
2025-09-23,84.79,79.19
2025-09-24,81.27,81.81
2025-09-25,81.7,94.96
2025-09-26,80.5,92.8
2025-09-27,86.5,87.18
2025-09-28,96.15,130.57
2025-09-29,85.94,136.17
2025-09-30,81.68,116.57
2025-10-01,74.47,102.7
2025-10-02,52.0,66.76
2025-10-03,-0.42,-0.29
2025-10-04,13.62,1.73
2025-10-05,68.88,86.18
2025-10-06,87.55,137.96
2025-10-07,91.73,117.58
2025-10-08,85.4,104.91
2025-10-09,87.0,96.41
2025-10-10,85.06,90.69
2025-10-11,86.45,89.19
2025-10-12,105.65,139.05
2025-10-13,97.96,156.14
2025-10-14,103.02,145.72
2025-10-15,92.45,100.0
2025-10-16,89.48,104.41
2025-10-17,83.85,95.74
2025-10-18,58.8,75.35
2025-10-19,78.81,82.26
2025-10-20,76.2,67.81
2025-10-21,86.17,125.07
2025-10-22,78.02,82.27
2025-10-23,47.0,32.32
2025-10-24,14.26,11.22
2025-10-25,24.94,6.52
2025-10-26,58.88,68.4
2025-10-27,59.31,66.67
2025-10-28,77.3,87.72
2025-10-29,77.4,69.41
2025-10-30,50.49,93.24
2025-10-31,37.1,47.63
2025-11-01,58.04,85.91
2025-11-02,54.24,78.29
2025-11-03,60.12,73.55
2025-11-04,78.51,93.43
2025-11-05,87.81,106.21
2025-11-06,83.67,110.8
2025-11-07,83.7,106.46
2025-11-08,80.29,99.0
2025-11-09,81.39,109.89
2025-11-10,75.18,96.89
2025-11-11,68.62,80.32
2025-11-12,63.53,69.85
2025-11-13,70.22,106.73
2025-11-14,67.27,90.7
2025-11-15,80.52,101.44
2025-11-16,80.77,94.71
2025-11-17,89.9,101.97
2025-11-18,83.1,102.53
2025-11-19,90.5,125.99
2025-11-20,110.0,146.48
2025-11-21,84.23,91.25
2025-11-22,77.34,71.43
2025-11-23,88.0,132.36
2025-11-24,104.63,220.52
2025-11-25,103.83,161.52
2025-11-26,74.16,91.18
2025-11-27,64.87,85.05
2025-11-28,77.19,90.19
2025-11-29,74.68,84.15
2025-11-30,73.8,93.43
2025-12-01,75.06,100.37
2025-12-02,87.21,164.81
2025-12-03,82.67,124.86
2025-12-04,78.33,133.29
2025-12-05,64.5,79.61
2025-12-06,74.19,80.39
2025-12-07,59.32,70.64
2025-12-08,65.88,91.57
2025-12-09,60.0,78.5
2025-12-10,69.26,94.46
2025-12-11,80.07,113.44
2025-12-12,74.22,95.92
2025-12-13,60.75,86.21
2025-12-14,76.92,87.4
2025-12-15,88.22,106.74
2025-12-16,78.4,106.4
2025-12-17,66.08,74.22
2025-12-18,60.0,70.07
2025-12-19,79.12,103.06
2025-12-20,80.95,91.57
2025-12-21,78.1,85.55
2025-12-22,78.92,74.73
2025-12-23,71.2,69.38
2025-12-24,72.0,69.75
2025-12-25,82.29,97.53
2025-12-26,81.94,91.44
2025-12-27,82.67,92.77
2025-12-28,83.67,94.35
2025-12-29,84.01,87.76
2025-12-30,81.5,87.31
2025-12-31,44.85,9.75
