date,da_base,demand_gw,wind_gw,solar_gw,ic_net_gw,storage_pct,sin_doy,cos_doy
2021-06-01,66.69,,,,,29.1,0.5012,-0.8653
2021-06-02,61.96,,,,,29.6,0.4863,-0.8738
2021-06-03,71.8,,,,,30.1,0.4712,-0.882
2021-06-04,62.56,,,,,30.5,0.4559,-0.89
2021-06-05,59.44,,,,,31.0,0.4405,-0.8977
2021-06-06,77.34,,,,,31.5,0.425,-0.9052
2021-06-07,76.92,,,,,31.8,0.4094,-0.9124
2021-06-08,76.74,,,,,32.1,0.3936,-0.9193
2021-06-09,78.83,,,,,32.2,0.3777,-0.9259
2021-06-10,78.1,,,,,32.5,0.3617,-0.9323
2021-06-11,39.18,,,,,32.7,0.3456,-0.9384
2021-06-12,19.4,,,,,33.1,0.3294,-0.9442
2021-06-13,74.22,,,,,33.5,0.3131,-0.9497
2021-06-14,82.61,,,,,33.8,0.2967,-0.955
2021-06-15,85.0,,,,,34.0,0.2802,-0.9599
2021-06-16,77.51,,,,,34.3,0.2637,-0.9646
2021-06-17,80.12,,,,,34.6,0.247,-0.969
2021-06-18,70.1,,,,,34.9,0.2303,-0.9731
2021-06-19,58.43,,,,,35.4,0.2135,-0.9769
2021-06-20,77.63,,,,,35.8,0.1967,-0.9805
2021-06-21,84.59,,,,,36.2,0.1798,-0.9837
2021-06-22,92.84,,,,,36.3,0.1628,-0.9867
2021-06-23,94.83,,,,,36.5,0.1458,-0.9893
2021-06-24,89.73,,,,,36.7,0.1287,-0.9917
2021-06-25,79.88,,,,,37.0,0.1117,-0.9937
2021-06-26,64.96,,,,,37.3,0.0945,-0.9955
2021-06-27,88.73,,,,,37.7,0.0774,-0.997
2021-06-28,91.65,,,,,38.0,0.0602,-0.9982
2021-06-29,92.38,,,,,38.3,0.043,-0.9991
2021-06-30,89.39,,,,,38.6,0.0258,-0.9997
2021-07-01,96.58,,,,,38.9,0.0086,-1.0
2021-07-02,83.6,,,,,39.1,-0.0086,-1.0
2021-07-03,82.96,,,,,39.6,-0.0258,-0.9997
2021-07-04,93.85,,,,,40.0,-0.043,-0.9991
2021-07-05,80.68,,,,,40.4,-0.0602,-0.9982
2021-07-06,99.11,,,,,40.6,-0.0774,-0.997
2021-07-07,109.04,,,,,40.8,-0.0945,-0.9955
2021-07-08,91.42,,,,,40.9,-0.1117,-0.9937
2021-07-09,80.45,,,,,41.2,-0.1287,-0.9917
2021-07-10,77.74,,,,,41.6,-0.1458,-0.9893
2021-07-11,93.45,,,,,42.0,-0.1628,-0.9867
2021-07-12,95.02,,,,,42.2,-0.1798,-0.9837
2021-07-13,87.39,,,,,42.3,-0.1967,-0.9805
2021-07-14,89.74,,,,,42.3,-0.2135,-0.9769
2021-07-15,84.96,,,,,42.3,-0.2303,-0.9731
2021-07-16,61.69,,,,,42.5,-0.247,-0.969
2021-07-17,45.78,,,,,42.8,-0.2637,-0.9646
2021-07-18,89.21,,,,,43.0,-0.2802,-0.9599
2021-07-19,91.69,,,,,43.1,-0.2967,-0.955
2021-07-20,89.99,,,,,43.2,-0.3131,-0.9497
2021-07-21,87.56,,,,,43.3,-0.3294,-0.9442
2021-07-22,88.8,,,,,43.3,-0.3456,-0.9384
2021-07-23,75.76,,,,,43.6,-0.3617,-0.9323
2021-07-24,60.71,,,,,44.0,-0.3777,-0.9259
2021-07-25,88.5,,,,,44.4,-0.3936,-0.9193
2021-07-26,87.22,,,,,44.7,-0.4094,-0.9124
2021-07-27,79.42,,,,,45.0,-0.425,-0.9052
2021-07-28,46.1,,,,,45.4,-0.4405,-0.8977
2021-07-29,64.81,,,,,45.7,-0.4559,-0.89
2021-07-30,29.82,,,,,46.0,-0.4712,-0.882
2021-07-31,58.54,,,,,46.4,-0.4863,-0.8738
2021-08-01,80.1,,,,,46.7,-0.5012,-0.8653
2021-08-02,96.51,,,,,47.0,-0.5161,-0.8566
2021-08-03,98.17,,,,,47.3,-0.5307,-0.8475
2021-08-04,94.51,,,,,47.6,-0.5452,-0.8383
2021-08-05,71.6,,,,,47.8,-0.5596,-0.8288
2021-08-06,61.52,,,,,48.3,-0.5738,-0.819
2021-08-07,5.63,,,,,48.6,-0.5878,-0.809
2021-08-08,67.59,,,,,49.0,-0.6016,-0.7988
2021-08-09,90.77,,,,,49.2,-0.6153,-0.7883
2021-08-10,100.76,,,,,49.4,-0.6288,-0.7776
2021-08-11,106.54,,,,,49.6,-0.6421,-0.7667
2021-08-12,94.9,,,,,49.8,-0.6552,-0.7555
2021-08-13,63.37,,,,,50.1,-0.6681,-0.7441
2021-08-14,61.94,,,,,50.4,-0.6808,-0.7325
2021-08-15,67.6,,,,,50.8,-0.6933,-0.7207
2021-08-16,57.39,,,,,51.0,-0.7056,-0.7086
2021-08-17,78.64,,,,,51.2,-0.7177,-0.6964
2021-08-18,91.62,,,,,51.4,-0.7296,-0.6839
2021-08-19,102.18,,,,,51.6,-0.7412,-0.6713
2021-08-20,91.46,,,,,51.8,-0.7527,-0.6584
2021-08-21,78.05,,,,,52.2,-0.7639,-0.6453
2021-08-22,93.88,,,,,52.5,-0.7749,-0.6321
2021-08-23,95.4,,,,,52.9,-0.7856,-0.6187
2021-08-24,84.31,,,,,53.2,-0.7962,-0.6051
2021-08-25,92.62,,,,,53.5,-0.8065,-0.5913
2021-08-26,95.91,,,,,53.9,-0.8165,-0.5773
2021-08-27,84.72,,,,,54.3,-0.8264,-0.5632
2021-08-28,80.74,,,,,54.6,-0.8359,-0.5488
2021-08-29,106.58,,,,,55.0,-0.8452,-0.5344
2021-08-30,110.05,,,,,55.3,-0.8543,-0.5197
2021-08-31,111.86,,,,,55.6,-0.8631,-0.505
2021-09-01,118.19,,,,,55.8,-0.8717,-0.49
2021-09-02,110.53,,,,,56.0,-0.88,-0.475
2021-09-03,106.88,,,,,56.2,-0.8881,-0.4597
2021-09-04,97.63,,,,,56.5,-0.8958,-0.4444
2021-09-05,127.82,,,,,56.8,-0.9034,-0.4289
2021-09-06,127.98,,,,,57.1,-0.9106,-0.4133
2021-09-07,124.78,,,,,57.2,-0.9176,-0.3975
2021-09-08,130.23,,,,,57.5,-0.9243,-0.3817
2021-09-09,138.29,,,,,57.8,-0.9307,-0.3657
2021-09-10,129.02,,,,,58.1,-0.9369,-0.3496
2021-09-11,105.22,,,,,58.4,-0.9428,-0.3335
2021-09-12,141.32,,,,,58.7,-0.9484,-0.3172
2021-09-13,143.24,,,,,58.9,-0.9537,-0.3008
2021-09-14,168.21,,,,,59.1,-0.9587,-0.2844
2021-09-15,158.94,,,,,59.2,-0.9635,-0.2678
2021-09-16,156.96,,,,,59.4,-0.9679,-0.2512
2021-09-17,133.76,,,,,59.5,-0.9721,-0.2345
2021-09-18,94.1,,,,,59.8,-0.976,-0.2177
2021-09-19,150.7,,,,,60.1,-0.9796,-0.2009
2021-09-20,149.89,,,,,60.2,-0.9829,-0.184
2021-09-21,145.98,,,,,60.4,-0.9859,-0.1671
2021-09-22,73.16,,,,,60.5,-0.9887,-0.1501
2021-09-23,108.98,,,,,60.8,-0.9911,-0.133
2021-09-24,127.59,,,,,61.2,-0.9933,-0.1159
2021-09-25,125.72,,,,,61.6,-0.9951,-0.0988
2021-09-26,143.22,,,,,62.1,-0.9967,-0.0817
2021-09-27,155.09,,,,,62.5,-0.9979,-0.0645
2021-09-28,133.31,,,,,62.9,-0.9989,-0.0473
2021-09-29,112.57,,,,,63.3,-0.9995,-0.0301
2021-09-30,100.33,,,,,63.7,-0.9999,-0.0129
2021-10-01,104.06,,,,,64.1,-1.0,0.0043
2021-10-02,40.96,,,,,64.6,-0.9998,0.0215
2021-10-03,158.12,,,,,65.2,-0.9993,0.0387
2021-10-04,159.73,,,,,65.5,-0.9984,0.0559
2021-10-05,184.12,,,,,65.7,-0.9973,0.0731
2021-10-06,302.53,,,,,65.9,-0.9959,0.0903
2021-10-07,203.89,,,,,65.9,-0.9942,0.1074
2021-10-08,139.49,,,,,66.1,-0.9922,0.1245
2021-10-09,144.34,,,,,66.4,-0.9899,0.1415
2021-10-10,167.84,,,,,66.7,-0.9873,0.1586
2021-10-11,167.43,,,,,66.8,-0.9845,0.1755
2021-10-12,188.24,,,,,66.8,-0.9813,0.1925
2021-10-13,167.81,,,,,66.7,-0.9778,0.2093
2021-10-14,116.65,,,,,66.8,-0.9741,0.2261
2021-10-15,156.78,,,,,66.9,-0.9701,0.2428
2021-10-16,142.16,,,,,67.0,-0.9657,0.2595
2021-10-17,189.72,,,,,67.2,-0.9611,0.2761
2021-10-18,153.46,,,,,67.2,-0.9562,0.2926
2021-10-19,60.11,,,,,67.3,-0.9511,0.309
2021-10-20,61.5,,,,,67.5,-0.9456,0.3253
2021-10-21,71.87,,,,,67.7,-0.9399,0.3416
2021-10-22,139.38,,,,,67.5,-0.9338,0.3577
2021-10-23,99.41,,,,,67.5,-0.9275,0.3737
2021-10-24,173.65,,,,,67.5,-0.921,0.3896
2021-10-25,178.02,,,,,67.3,-0.9141,0.4054
2021-10-26,143.84,,,,,67.3,-0.907,0.4211
2021-10-27,153.54,,,,,67.6,-0.8996,0.4367
2021-10-28,112.97,,,,,67.7,-0.892,0.4521
2021-10-29,84.15,,,,,67.7,-0.8841,0.4674
2021-10-30,61.45,,,,,67.8,-0.8759,0.4825
2021-10-31,95.49,,,,,67.9,-0.8675,0.4975
2021-11-01,204.11,,,,,68.0,-0.8588,0.5124
2021-11-02,193.14,,,,,67.8,-0.8498,0.5271
2021-11-03,172.11,,,,,67.5,-0.8406,0.5416
2021-11-04,160.09,,,,,67.3,-0.8312,0.556
2021-11-05,76.76,,,,,67.1,-0.8215,0.5702
2021-11-06,35.41,,,,,67.1,-0.8115,0.5843
2021-11-07,177.41,,,,,67.2,-0.8014,0.5982
2021-11-08,163.14,,,,,66.9,-0.7909,0.6119
2021-11-09,176.26,,,,,66.7,-0.7803,0.6254
2021-11-10,190.43,,,,,66.5,-0.7694,0.6387
2021-11-11,166.9,,,,,66.2,-0.7583,0.6519
2021-11-12,156.9,,,,,65.9,-0.747,0.6649
2021-11-13,169.3,,,,,65.9,-0.7354,0.6776
2021-11-14,227.96,,,,,66.0,-0.7236,0.6902
2021-11-15,237.47,,,,,65.8,-0.7117,0.7025
2021-11-16,180.6,,,,,65.5,-0.6995,0.7147
2021-11-17,139.9,,,,,65.4,-0.6871,0.7266
2021-11-18,131.63,,,,,65.3,-0.6744,0.7383
2021-11-19,110.22,,,,,65.4,-0.6616,0.7498
2021-11-20,144.84,,,,,65.5,-0.6486,0.7611
2021-11-21,233.17,,,,,65.6,-0.6354,0.7722
2021-11-22,241.87,,,,,65.3,-0.622,0.783
2021-11-23,273.89,,,,,64.8,-0.6085,0.7936
2021-11-24,243.35,,,,,64.3,-0.5947,0.8039
2021-11-25,188.38,,,,,63.7,-0.5808,0.814
2021-11-26,202.9,,,,,63.2,-0.5667,0.8239
2021-11-27,201.17,,,,,62.7,-0.5524,0.8336
2021-11-28,265.96,,,,,62.3,-0.538,0.8429
2021-11-29,123.84,,,,,61.6,-0.5234,0.8521
2021-11-30,91.0,,,,,61.1,-0.5087,0.861
2021-12-01,195.04,,,,,60.7,-0.4938,0.8696
2021-12-02,149.97,,,,,60.2,-0.4787,0.878
2021-12-03,196.26,,,,,59.7,-0.4636,0.8861
2021-12-04,157.71,,,,,59.3,-0.4482,0.8939
2021-12-05,265.39,,,,,59.0,-0.4328,0.9015
2021-12-06,216.19,,,,,58.4,-0.4172,0.9088
2021-12-07,184.06,,,,,57.8,-0.4015,0.9159
2021-12-08,277.88,,,,,57.3,-0.3857,0.9226
2021-12-09,239.78,,,,,56.6,-0.3697,0.9291
2021-12-10,237.35,,,,,56.1,-0.3537,0.9354
2021-12-11,183.12,,,,,55.7,-0.3375,0.9413
2021-12-12,264.66,,,,,55.5,-0.3213,0.947
2021-12-13,295.82,,,,,55.2,-0.3049,0.9524
2021-12-14,295.2,,,,,54.9,-0.2885,0.9575
2021-12-15,344.3,,,,,54.5,-0.272,0.9623
2021-12-16,338.14,,,,,54.3,-0.2554,0.9668
2021-12-17,259.51,,,,,53.9,-0.2387,0.9711
2021-12-18,119.67,,,,,53.7,-0.2219,0.9751
2021-12-19,331.37,,,,,53.4,-0.2051,0.9787
2021-12-20,431.98,,,,,52.8,-0.1882,0.9821
2021-12-21,416.72,,,,,52.0,-0.1713,0.9852
2021-12-22,300.73,,,,,51.1,-0.1543,0.988
2021-12-23,196.21,,,,,50.5,-0.1373,0.9905
2021-12-24,198.29,,,,,50.2,-0.1202,0.9927
2021-12-25,172.46,,,,,50.0,-0.1031,0.9947
2021-12-26,148.83,,,,,49.8,-0.086,0.9963
2021-12-27,104.23,,,,,49.7,-0.0688,0.9976
2021-12-28,155.6,,,,,49.6,-0.0516,0.9987
2021-12-29,73.26,,,,,49.7,-0.0344,0.9994
2021-12-30,12.13,,,,,49.9,-0.0172,0.9999
2021-12-31,82.58,,,,,50.6,0.0,1.0
2022-01-01,47.35,,,,,51.0,0.0172,0.9999
2022-01-02,76.11,,,,,51.3,0.0344,0.9994
2022-01-03,153.92,,,,,51.4,0.0516,0.9987
2022-01-04,107.87,,,,,51.3,0.0688,0.9976
2022-01-05,194.1,,,,,50.9,0.086,0.9963
2022-01-06,167.18,,,,,50.3,0.1031,0.9947
2022-01-07,165.9,,,,,49.8,0.1202,0.9927
2022-01-08,146.56,,,,,49.5,0.1373,0.9905
2022-01-09,261.55,,,,,49.1,0.1543,0.988
2022-01-10,255.41,,,,,48.2,0.1713,0.9852
2022-01-11,233.32,,,,,47.3,0.1882,0.9821
2022-01-12,180.16,,,,,46.5,0.2051,0.9787
2022-01-13,178.76,,,,,45.6,0.2219,0.9751
2022-01-14,216.0,,,,,44.9,0.2387,0.9711
2022-01-15,133.1,,,,,44.3,0.2554,0.9668
2022-01-16,129.31,,,,,43.9,0.272,0.9623
2022-01-17,235.87,,,,,43.3,0.2885,0.9575
2022-01-18,172.18,,,,,42.5,0.3049,0.9524
2022-01-19,117.7,,,,,41.9,0.3213,0.947
2022-01-20,159.27,,,,,41.2,0.3375,0.9413
2022-01-21,175.76,,,,,40.3,0.3537,0.9354
2022-01-22,193.7,,,,,39.8,0.3697,0.9291
2022-01-23,245.94,,,,,39.2,0.3857,0.9226
2022-01-24,297.29,,,,,38.4,0.4015,0.9159
2022-01-25,234.98,,,,,37.5,0.4172,0.9088
2022-01-26,120.71,,,,,36.7,0.4328,0.9015
2022-01-27,174.35,,,,,36.1,0.4482,0.8939
2022-01-28,92.13,,,,,35.5,0.4636,0.8861
2022-01-29,55.3,,,,,35.3,0.4787,0.878
2022-01-30,195.2,,,,,35.1,0.4938,0.8696
2022-01-31,150.25,,,,,34.6,0.5087,0.861
2022-02-01,140.22,,,,,34.2,0.5234,0.8521
2022-02-02,193.56,,,,,33.8,0.538,0.8429
2022-02-03,132.37,,,,,33.5,0.5524,0.8336
2022-02-04,88.89,,,,,33.3,0.5667,0.8239
2022-02-05,52.78,,,,,33.2,0.5808,0.814
2022-02-06,84.68,,,,,33.1,0.5947,0.8039
2022-02-07,137.81,,,,,32.8,0.6085,0.7936
2022-02-08,165.89,,,,,32.5,0.622,0.783
2022-02-09,192.82,,,,,32.2,0.6354,0.7722
2022-02-10,184.58,,,,,31.8,0.6486,0.7611
2022-02-11,143.05,,,,,31.4,0.6616,0.7498
2022-02-12,83.58,,,,,31.2,0.6744,0.7383
2022-02-13,102.22,,,,,31.0,0.6871,0.7266
2022-02-14,155.0,,,,,30.7,0.6995,0.7147
2022-02-15,117.38,,,,,30.5,0.7117,0.7025
2022-02-16,68.64,,,,,30.2,0.7236,0.6902
2022-02-17,117.63,,,,,30.0,0.7354,0.6776
2022-02-18,39.62,,,,,29.8,0.747,0.6649
2022-02-19,67.28,,,,,29.4,0.7583,0.6519
2022-02-20,75.42,,,,,29.2,0.7694,0.6387
2022-02-21,123.24,,,,,28.9,0.7803,0.6254
2022-02-22,130.09,,,,,28.6,0.7909,0.6119
2022-02-23,123.39,,,,,28.3,0.8014,0.5982
2022-02-24,119.96,,,,,28.2,0.8115,0.5843
2022-02-25,225.43,,,,,27.9,0.8215,0.5702
2022-02-26,182.41,,,,,27.6,0.8312,0.556
2022-02-27,208.3,,,,,27.4,0.8406,0.5416
2022-02-28,241.4,,,,,27.0,0.8498,0.5271
2022-03-01,278.78,,,,,26.4,0.8588,0.5124
2022-03-02,338.2,,,,,25.9,0.8675,0.4975
2022-03-03,358.78,,,,,25.5,0.8759,0.4825
2022-03-04,344.4,,,,,25.4,0.8841,0.4674
2022-03-05,340.8,,,,,24.9,0.892,0.4521
2022-03-06,410.1,,,,,24.6,0.8996,0.4367
2022-03-07,487.57,,,,,24.1,0.907,0.4211
2022-03-08,446.25,,,,,23.7,0.9141,0.4054
2022-03-09,279.15,,,,,23.4,0.921,0.3896
2022-03-10,80.44,,,,,23.5,0.9275,0.3737
2022-03-11,124.25,,,,,23.4,0.9338,0.3577
2022-03-12,115.1,,,,,23.6,0.9399,0.3416
2022-03-13,281.44,,,,,23.7,0.9456,0.3253
2022-03-14,300.54,,,,,23.7,0.9511,0.309
2022-03-15,245.3,,,,,23.5,0.9562,0.2926
2022-03-16,225.41,,,,,23.5,0.9611,0.2761
2022-03-17,228.9,,,,,23.4,0.9657,0.2595
2022-03-18,130.95,,,,,23.3,0.9701,0.2428
2022-03-19,49.04,,,,,23.5,0.9741,0.2261
2022-03-20,205.75,,,,,23.6,0.9778,0.2093
2022-03-21,236.49,,,,,23.6,0.9813,0.1925
2022-03-22,236.53,,,,,23.7,0.9845,0.1755
2022-03-23,238.0,,,,,23.8,0.9873,0.1586
2022-03-24,244.38,,,,,24.0,0.9899,0.1415
2022-03-25,189.55,,,,,24.3,0.9922,0.1245
2022-03-26,200.59,,,,,24.7,0.9942,0.1074
2022-03-27,221.57,,,,,25.0,0.9959,0.0903
2022-03-28,250.18,,,,,25.2,0.9973,0.0731
2022-03-29,271.03,,,,,25.4,0.9984,0.0559
2022-03-30,209.19,,,,,25.6,0.9993,0.0387
2022-03-31,160.13,,,,,25.3,0.9998,0.0215
2022-04-01,166.4,,,,,25.4,1.0,0.0043
2022-04-02,172.89,,,,,25.4,0.9999,-0.0129
2022-04-03,75.33,,,,,25.4,0.9995,-0.0301
2022-04-04,183.02,,,,,25.2,0.9989,-0.0473
2022-04-05,121.33,,,,,25.2,0.9979,-0.0645
2022-04-06,74.15,,,,,25.5,0.9967,-0.0817
2022-04-07,120.87,,,,,25.8,0.9951,-0.0988
2022-04-08,59.83,,,,,26.0,0.9933,-0.1159
2022-04-09,74.65,,,,,26.3,0.9911,-0.133
2022-04-10,223.62,,,,,26.6,0.9887,-0.1501
2022-04-11,184.59,,,,,26.8,0.9859,-0.1671
2022-04-12,222.52,,,,,27.1,0.9829,-0.184
2022-04-13,227.71,,,,,27.4,0.9796,-0.2009
2022-04-14,192.96,,,,,27.8,0.976,-0.2177
2022-04-15,149.22,,,,,28.2,0.9721,-0.2345
2022-04-16,108.82,,,,,28.6,0.9679,-0.2512
2022-04-17,120.23,,,,,29.0,0.9635,-0.2678
2022-04-18,213.0,,,,,29.4,0.9587,-0.2844
2022-04-19,203.25,,,,,29.8,0.9537,-0.3008
2022-04-20,199.5,,,,,30.0,0.9484,-0.3172
2022-04-21,172.49,,,,,30.2,0.9428,-0.3335
2022-04-22,93.31,,,,,30.5,0.9369,-0.3496
2022-04-23,108.54,,,,,31.0,0.9307,-0.3657
2022-04-24,223.46,,,,,31.4,0.9243,-0.3817
2022-04-25,238.47,,,,,31.6,0.9176,-0.3975
2022-04-26,222.21,,,,,31.7,0.9106,-0.4133
2022-04-27,230.15,,,,,31.8,0.9034,-0.4289
2022-04-28,228.02,,,,,32.1,0.8958,-0.4444
2022-04-29,201.28,,,,,32.3,0.8881,-0.4597
2022-04-30,194.74,,,,,32.6,0.88,-0.475
2022-05-01,219.02,,,,,33.2,0.8717,-0.49
2022-05-02,218.16,,,,,33.5,0.8631,-0.505
2022-05-03,231.29,,,,,33.9,0.8543,-0.5197
2022-05-04,234.49,,,,,34.3,0.8452,-0.5344
2022-05-05,225.36,,,,,34.7,0.8359,-0.5488
2022-05-06,201.43,,,,,35.0,0.8264,-0.5632
2022-05-07,171.82,,,,,35.4,0.8165,-0.5773
2022-05-08,216.81,,,,,35.9,0.8065,-0.5913
2022-05-09,183.32,,,,,36.2,0.7962,-0.6051
2022-05-10,159.09,,,,,36.4,0.7856,-0.6187
2022-05-11,169.12,,,,,36.7,0.7749,-0.6321
2022-05-12,168.79,,,,,36.9,0.7639,-0.6453
2022-05-13,152.97,,,,,37.3,0.7527,-0.6584
2022-05-14,149.03,,,,,37.9,0.7412,-0.6713
2022-05-15,211.58,,,,,38.5,0.7296,-0.6839
2022-05-16,225.75,,,,,38.9,0.7177,-0.6964
2022-05-17,206.97,,,,,39.3,0.7056,-0.7086
2022-05-18,210.81,,,,,39.7,0.6933,-0.7207
2022-05-19,209.23,,,,,40.1,0.6808,-0.7325
2022-05-20,103.36,,,,,40.5,0.6681,-0.7441
2022-05-21,166.03,,,,,41.2,0.6552,-0.7555
2022-05-22,188.14,,,,,41.8,0.6421,-0.7667
2022-05-23,162.95,,,,,42.3,0.6288,-0.7776
2022-05-24,177.5,,,,,42.7,0.6153,-0.7883
2022-05-25,67.93,,,,,43.1,0.6016,-0.7988
2022-05-26,46.77,,,,,43.5,0.5878,-0.809
2022-05-27,36.85,,,,,44.0,0.5738,-0.819
2022-05-28,156.34,,,,,44.5,0.5596,-0.8288
2022-05-29,225.99,,,,,44.9,0.5452,-0.8383
2022-05-30,210.17,,,,,45.1,0.5307,-0.8475
2022-05-31,215.29,,,,,45.3,0.5161,-0.8566
2022-06-01,188.87,,,,,45.6,0.5012,-0.8653
2022-06-02,184.55,,,,,46.0,0.4863,-0.8738
2022-06-03,162.49,,,,,46.5,0.4712,-0.882
2022-06-04,141.58,,,,,47.1,0.4559,-0.89
2022-06-05,91.33,,,,,47.7,0.4405,-0.8977
2022-06-06,183.88,,,,,48.3,0.425,-0.9052
2022-06-07,190.35,,,,,48.7,0.4094,-0.9124
2022-06-08,185.49,,,,,49.0,0.3936,-0.9193
2022-06-09,185.75,,,,,49.2,0.3777,-0.9259
2022-06-10,134.7,,,,,49.6,0.3617,-0.9323
2022-06-11,116.96,,,,,50.1,0.3456,-0.9384
2022-06-12,165.56,,,,,50.8,0.3294,-0.9442
2022-06-13,194.98,,,,,51.1,0.3131,-0.9497
2022-06-14,211.83,,,,,51.4,0.2967,-0.955
2022-06-15,201.97,,,,,51.8,0.2802,-0.9599
2022-06-16,255.43,,,,,52.1,0.2637,-0.9646
2022-06-17,195.4,,,,,52.5,0.247,-0.969
2022-06-18,154.65,,,,,53.0,0.2303,-0.9731
2022-06-19,267.37,,,,,53.4,0.2135,-0.9769
2022-06-20,288.59,,,,,53.7,0.1967,-0.9805
2022-06-21,323.34,,,,,54.0,0.1798,-0.9837
2022-06-22,295.08,,,,,54.3,0.1628,-0.9867
2022-06-23,274.3,,,,,54.6,0.1458,-0.9893
2022-06-24,240.39,,,,,54.8,0.1287,-0.9917
2022-06-25,201.67,,,,,55.2,0.1117,-0.9937
2022-06-26,316.65,,,,,55.4,0.0945,-0.9955
2022-06-27,331.52,,,,,55.7,0.0774,-0.997
2022-06-28,315.54,,,,,55.8,0.0602,-0.9982
2022-06-29,325.48,,,,,55.9,0.043,-0.9991
2022-06-30,314.38,,,,,56.1,0.0258,-0.9997
2022-07-01,218.92,,,,,56.4,0.0086,-1.0
2022-07-02,200.11,,,,,56.7,-0.0086,-1.0
2022-07-03,293.89,,,,,57.1,-0.0258,-0.9997
2022-07-04,318.37,,,,,57.4,-0.043,-0.9991
2022-07-05,303.54,,,,,57.7,-0.0602,-0.9982
2022-07-06,213.22,,,,,57.9,-0.0774,-0.997
2022-07-07,295.92,,,,,58.2,-0.0945,-0.9955
2022-07-08,148.14,,,,,58.4,-0.1117,-0.9937
2022-07-09,115.16,,,,,58.8,-0.1287,-0.9917
2022-07-10,372.6,,,,,59.2,-0.1458,-0.9893
2022-07-11,377.66,,,,,59.3,-0.1628,-0.9867
2022-07-12,352.16,,,,,59.2,-0.1798,-0.9837
2022-07-13,367.38,,,,,59.2,-0.1967,-0.9805
2022-07-14,329.92,,,,,59.3,-0.2135,-0.9769
2022-07-15,174.81,,,,,59.3,-0.2303,-0.9731
2022-07-16,221.86,,,,,59.5,-0.247,-0.969
2022-07-17,396.07,,,,,59.7,-0.2637,-0.9646
2022-07-18,397.09,,,,,59.8,-0.2802,-0.9599
2022-07-19,332.7,,,,,59.8,-0.2967,-0.955
2022-07-20,396.73,,,,,59.9,-0.3131,-0.9497
2022-07-21,377.45,,,,,60.0,-0.3294,-0.9442
2022-07-22,324.99,,,,,60.2,-0.3456,-0.9384
2022-07-23,260.63,,,,,60.5,-0.3617,-0.9323
2022-07-24,309.81,,,,,60.9,-0.3777,-0.9259
2022-07-25,316.57,,,,,61.3,-0.3936,-0.9193
2022-07-26,424.49,,,,,61.7,-0.4094,-0.9124
2022-07-27,473.25,,,,,61.9,-0.425,-0.9052
2022-07-28,438.65,,,,,62.3,-0.4405,-0.8977
2022-07-29,380.77,,,,,62.6,-0.4559,-0.89
2022-07-30,317.79,,,,,62.9,-0.4712,-0.882
2022-07-31,424.62,,,,,63.4,-0.4863,-0.8738
2022-08-01,380.51,,,,,63.7,-0.5012,-0.8653
2022-08-02,384.83,,,,,64.2,-0.5161,-0.8566
2022-08-03,414.16,,,,,64.6,-0.5307,-0.8475
2022-08-04,380.31,,,,,65.0,-0.5452,-0.8383
2022-08-05,273.81,,,,,65.5,-0.5596,-0.8288
2022-08-06,214.93,,,,,66.0,-0.5738,-0.819
2022-08-07,359.55,,,,,66.6,-0.5878,-0.809
2022-08-08,344.87,,,,,67.1,-0.6016,-0.7988
2022-08-09,335.08,,,,,67.6,-0.6153,-0.7883
2022-08-10,368.15,,,,,68.2,-0.6288,-0.7776
2022-08-11,436.8,,,,,68.7,-0.6421,-0.7667
2022-08-12,377.75,,,,,69.2,-0.6552,-0.7555
2022-08-13,330.46,,,,,69.8,-0.6681,-0.7441
2022-08-14,426.6,,,,,70.4,-0.6808,-0.7325
2022-08-15,490.79,,,,,70.9,-0.6933,-0.7207
2022-08-16,551.95,,,,,71.4,-0.7056,-0.7086
2022-08-17,563.76,,,,,71.8,-0.7177,-0.6964
2022-08-18,515.1,,,,,72.2,-0.7296,-0.6839
2022-08-19,457.97,,,,,72.6,-0.7412,-0.6713
2022-08-20,364.13,,,,,73.2,-0.7527,-0.6584
2022-08-21,563.81,,,,,73.7,-0.7639,-0.6453
2022-08-22,605.13,,,,,74.2,-0.7749,-0.6321
2022-08-23,624.34,,,,,74.6,-0.7856,-0.6187
2022-08-24,599.83,,,,,75.0,-0.7962,-0.6051
2022-08-25,699.44,,,,,75.4,-0.8065,-0.5913
2022-08-26,607.84,,,,,75.8,-0.8165,-0.5773
2022-08-27,401.03,,,,,76.3,-0.8264,-0.5632
2022-08-28,658.41,,,,,76.7,-0.8359,-0.5488
2022-08-29,660.24,,,,,77.1,-0.8452,-0.5344
2022-08-30,604.49,,,,,77.5,-0.8543,-0.5197
2022-08-31,571.2,,,,,77.7,-0.8631,-0.505
2022-09-01,422.25,,,,,78.0,-0.8717,-0.49
2022-09-02,287.75,,,,,78.4,-0.88,-0.475
2022-09-03,242.71,,,,,78.9,-0.8881,-0.4597
2022-09-04,357.45,,,,,79.4,-0.8958,-0.4444
2022-09-05,417.27,,,,,79.8,-0.9034,-0.4289
2022-09-06,462.47,,,,,80.1,-0.9106,-0.4133
2022-09-07,443.52,,,,,80.2,-0.9176,-0.3975
2022-09-08,345.7,,,,,80.4,-0.9243,-0.3817
2022-09-09,404.32,,,,,80.7,-0.9307,-0.3657
2022-09-10,391.49,,,,,81.1,-0.9369,-0.3496
2022-09-11,408.03,,,,,81.4,-0.9428,-0.3335
2022-09-12,392.37,,,,,81.6,-0.9484,-0.3172
2022-09-13,455.81,,,,,81.7,-0.9537,-0.3008
2022-09-14,369.37,,,,,81.9,-0.9587,-0.2844
2022-09-15,201.2,,,,,82.0,-0.9635,-0.2678
2022-09-16,68.77,,,,,82.3,-0.9679,-0.2512
2022-09-17,77.93,,,,,82.6,-0.9721,-0.2345
2022-09-18,261.68,,,,,82.9,-0.976,-0.2177
2022-09-19,363.43,,,,,83.1,-0.9796,-0.2009
2022-09-20,379.94,,,,,83.3,-0.9829,-0.184
2022-09-21,387.89,,,,,83.4,-0.9859,-0.1671
2022-09-22,368.33,,,,,83.5,-0.9887,-0.1501
2022-09-23,351.11,,,,,83.6,-0.9911,-0.133
2022-09-24,276.5,,,,,83.9,-0.9933,-0.1159
2022-09-25,245.93,,,,,84.1,-0.9951,-0.0988
2022-09-26,310.21,,,,,84.3,-0.9967,-0.0817
2022-09-27,386.2,,,,,84.4,-0.9979,-0.0645
2022-09-28,417.14,,,,,84.4,-0.9989,-0.0473
2022-09-29,315.49,,,,,84.5,-0.9995,-0.0301
2022-09-30,82.82,,,,,84.6,-0.9999,-0.0129
2022-10-01,114.75,,,,,84.8,-1.0,0.0043
2022-10-02,209.35,,,,,85.2,-0.9998,0.0215
2022-10-03,246.31,,,,,85.6,-0.9993,0.0387
2022-10-04,103.19,,,,,85.8,-0.9984,0.0559
2022-10-05,100.8,,,,,86.1,-0.9973,0.0731
2022-10-06,163.89,,,,,86.3,-0.9959,0.0903
2022-10-07,145.34,,,,,86.6,-0.9942,0.1074
2022-10-08,146.72,,,,,87.0,-0.9922,0.1245
2022-10-09,162.09,,,,,87.4,-0.9899,0.1415
2022-10-10,259.87,,,,,87.6,-0.9873,0.1586
2022-10-11,282.54,,,,,87.7,-0.9845,0.1755
2022-10-12,257.46,,,,,87.9,-0.9813,0.1925
2022-10-13,260.65,,,,,88.0,-0.9778,0.2093
2022-10-14,156.63,,,,,88.2,-0.9741,0.2261
2022-10-15,95.86,,,,,88.5,-0.9701,0.2428
2022-10-16,152.61,,,,,88.9,-0.9657,0.2595
2022-10-17,183.18,,,,,89.1,-0.9611,0.2761
2022-10-18,168.45,,,,,89.3,-0.9562,0.2926
2022-10-19,140.22,,,,,89.3,-0.9511,0.309
2022-10-20,163.45,,,,,89.4,-0.9456,0.3253
2022-10-21,139.87,,,,,89.5,-0.9399,0.3416
2022-10-22,95.75,,,,,89.7,-0.9338,0.3577
2022-10-23,80.62,,,,,90.1,-0.9275,0.3737
2022-10-24,105.4,,,,,90.3,-0.921,0.3896
2022-10-25,121.4,,,,,90.3,-0.9141,0.4054
2022-10-26,124.69,,,,,90.4,-0.907,0.4211
2022-10-27,105.52,,,,,90.5,-0.8996,0.4367
2022-10-28,101.06,,,,,90.7,-0.892,0.4521
2022-10-29,116.54,,,,,91.0,-0.8841,0.4674
2022-10-30,145.22,,,,,91.3,-0.8759,0.4825
2022-10-31,68.86,,,,,91.3,-0.8675,0.4975
2022-11-01,71.97,,,,,91.6,-0.8588,0.5124
2022-11-02,103.01,,,,,91.7,-0.8498,0.5271
2022-11-03,178.54,,,,,91.7,-0.8406,0.5416
2022-11-04,132.29,,,,,91.6,-0.8312,0.556
2022-11-05,51.09,,,,,91.8,-0.8215,0.5702
2022-11-06,76.1,,,,,91.9,-0.8115,0.5843
2022-11-07,95.15,,,,,91.9,-0.8014,0.5982
2022-11-08,126.72,,,,,92.0,-0.7909,0.6119
2022-11-09,137.25,,,,,92.0,-0.7803,0.6254
2022-11-10,125.38,,,,,92.1,-0.7694,0.6387
2022-11-11,162.25,,,,,92.2,-0.7583,0.6519
2022-11-12,144.88,,,,,92.3,-0.747,0.6649
2022-11-13,160.8,,,,,92.4,-0.7354,0.6776
2022-11-14,177.29,,,,,92.4,-0.7236,0.6902
2022-11-15,143.76,,,,,92.3,-0.7117,0.7025
2022-11-16,99.9,,,,,91.4,-0.6995,0.7147
2022-11-17,171.03,,,,,92.4,-0.6871,0.7266
2022-11-18,198.62,,,,,92.3,-0.6744,0.7383
2022-11-19,210.28,,,,,92.2,-0.6616,0.7498
2022-11-20,253.82,,,,,92.1,-0.6486,0.7611
2022-11-21,203.88,,,,,91.9,-0.6354,0.7722
2022-11-22,177.98,,,,,91.8,-0.622,0.783
2022-11-23,237.46,,,,,91.7,-0.6085,0.7936
2022-11-24,257.93,,,,,91.6,-0.5947,0.8039
2022-11-25,239.17,,,,,91.5,-0.5808,0.814
2022-11-26,146.65,,,,,91.6,-0.5667,0.8239
2022-11-27,291.64,,,,,91.6,-0.5524,0.8336
2022-11-28,371.64,,,,,91.4,-0.538,0.8429
2022-11-29,393.7,,,,,91.1,-0.5234,0.8521
2022-11-30,394.36,,,,,90.9,-0.5087,0.861
2022-12-01,339.2,,,,,90.5,-0.4938,0.8696
2022-12-02,281.92,,,,,90.1,-0.4787,0.878
2022-12-03,268.51,,,,,89.9,-0.4636,0.8861
2022-12-04,341.26,,,,,89.7,-0.4482,0.8939
2022-12-05,386.44,,,,,89.4,-0.4328,0.9015
2022-12-06,324.83,,,,,89.0,-0.4172,0.9088
2022-12-07,387.53,,,,,88.6,-0.4015,0.9159
2022-12-08,411.04,,,,,88.2,-0.3857,0.9226
2022-12-09,354.64,,,,,87.7,-0.3697,0.9291
2022-12-10,326.77,,,,,87.2,-0.3537,0.9354
2022-12-11,433.93,,,,,86.7,-0.3375,0.9413
2022-12-12,444.48,,,,,85.8,-0.3213,0.947
2022-12-13,443.88,,,,,84.8,-0.3049,0.9524
2022-12-14,396.96,,,,,83.8,-0.2885,0.9575
2022-12-15,411.31,,,,,82.9,-0.272,0.9623
2022-12-16,268.97,,,,,82.1,-0.2554,0.9668
2022-12-17,189.76,,,,,81.7,-0.2387,0.9711
2022-12-18,191.93,,,,,81.3,-0.2219,0.9751
2022-12-19,185.82,,,,,81.0,-0.2051,0.9787
2022-12-20,214.6,,,,,80.9,-0.1882,0.9821
2022-12-21,192.64,,,,,81.0,-0.1713,0.9852
2022-12-22,185.89,,,,,81.1,-0.1543,0.988
2022-12-23,111.87,,,,,81.2,-0.1373,0.9905
2022-12-24,106.01,,,,,81.4,-0.1202,0.9927
2022-12-25,40.53,,,,,81.8,-0.1031,0.9947
2022-12-26,91.73,,,,,82.2,-0.086,0.9963
2022-12-27,45.9,,,,,82.4,-0.0688,0.9976
2022-12-28,13.58,,,,,82.6,-0.0516,0.9987
2022-12-29,14.63,,,,,82.8,-0.0344,0.9994
2022-12-30,-0.79,,,,,83.1,-0.0172,0.9999
2022-12-31,14.91,,,,,83.5,0.0,1.0
2023-01-01,123.82,,,,,83.8,0.0172,0.9999
2023-01-02,145.95,,,,,84.0,0.0344,0.9994
2023-01-03,58.94,,,,,84.1,0.0516,0.9987
2023-01-04,107.46,,,,,84.1,0.0688,0.9976
2023-01-05,117.47,,,,,84.2,0.086,0.9963
2023-01-06,88.81,,,,,84.3,0.1031,0.9947
2023-01-07,68.94,,,,,84.4,0.1202,0.9927
2023-01-08,129.29,,,,,84.5,0.1373,0.9905
2023-01-09,123.13,,,,,84.4,0.1543,0.988
2023-01-10,84.08,,,,,84.4,0.1713,0.9852
2023-01-11,70.74,,,,,84.3,0.1882,0.9821
2023-01-12,66.64,,,,,84.2,0.2051,0.9787
2023-01-13,29.34,,,,,84.1,0.2219,0.9751
2023-01-14,9.26,,,,,84.1,0.2387,0.9711
2023-01-15,128.75,,,,,84.0,0.2554,0.9668
2023-01-16,133.57,,,,,83.5,0.272,0.9623
2023-01-17,143.76,,,,,83.0,0.2885,0.9575
2023-01-18,148.21,,,,,82.5,0.3049,0.9524
2023-01-19,180.66,,,,,81.8,0.3213,0.947
2023-01-20,144.39,,,,,81.0,0.3375,0.9413
2023-01-21,151.15,,,,,80.7,0.3537,0.9354
2023-01-22,202.73,,,,,80.1,0.3697,0.9291
2023-01-23,202.69,,,,,79.1,0.3857,0.9226
2023-01-24,181.74,,,,,78.2,0.4015,0.9159
2023-01-25,167.67,,,,,77.3,0.4172,0.9088
2023-01-26,168.76,,,,,76.4,0.4328,0.9015
2023-01-27,144.7,,,,,75.4,0.4482,0.8939
2023-01-28,123.59,,,,,74.8,0.4636,0.8861
2023-01-29,74.21,,,,,74.3,0.4787,0.878
2023-01-30,117.32,,,,,73.7,0.4938,0.8696
2023-01-31,93.08,,,,,73.2,0.5087,0.861
2023-02-01,136.15,,,,,72.6,0.5234,0.8521
2023-02-02,102.61,,,,,72.2,0.538,0.8429
2023-02-03,146.01,,,,,71.6,0.5524,0.8336
2023-02-04,131.37,,,,,71.4,0.5667,0.8239
2023-02-05,172.96,,,,,71.0,0.5808,0.814
2023-02-06,172.92,,,,,70.4,0.5947,0.8039
2023-02-07,152.1,,,,,69.6,0.6085,0.7936
2023-02-08,132.54,,,,,69.4,0.622,0.783
2023-02-09,125.92,,,,,68.7,0.6354,0.7722
2023-02-10,106.27,,,,,68.1,0.6486,0.7611
2023-02-11,136.31,,,,,67.9,0.6616,0.7498
2023-02-12,163.5,,,,,67.7,0.6744,0.7383
2023-02-13,154.49,,,,,67.3,0.6871,0.7266
2023-02-14,143.52,,,,,67.0,0.6995,0.7147
2023-02-15,136.73,,,,,66.7,0.7117,0.7025
2023-02-16,81.15,,,,,66.4,0.7236,0.6902
2023-02-17,94.67,,,,,66.3,0.7354,0.6776
2023-02-18,114.05,,,,,66.4,0.747,0.6649
2023-02-19,61.42,,,,,66.4,0.7583,0.6519
2023-02-20,122.45,,,,,66.3,0.7694,0.6387
2023-02-21,148.65,,,,,66.2,0.7803,0.6254
2023-02-22,146.12,,,,,66.0,0.7909,0.6119
2023-02-23,118.3,,,,,65.9,0.8014,0.5982
2023-02-24,89.29,,,,,65.8,0.8115,0.5843
2023-02-25,109.82,,,,,65.6,0.8215,0.5702
2023-02-26,152.27,,,,,65.4,0.8312,0.556
2023-02-27,148.05,,,,,64.9,0.8406,0.5416
2023-02-28,142.97,,,,,64.3,0.8498,0.5271
2023-03-01,144.31,,,,,63.7,0.8588,0.5124
2023-03-02,136.76,,,,,63.2,0.8675,0.4975
2023-03-03,107.47,,,,,62.8,0.8759,0.4825
2023-03-04,121.79,,,,,62.6,0.8841,0.4674
2023-03-05,150.67,,,,,62.3,0.892,0.4521
2023-03-06,106.87,,,,,61.8,0.8996,0.4367
2023-03-07,138.89,,,,,61.2,0.907,0.4211
2023-03-08,127.2,,,,,60.5,0.9141,0.4054
2023-03-09,115.61,,,,,60.0,0.921,0.3896
2023-03-10,98.61,,,,,59.8,0.9275,0.3737
2023-03-11,95.53,,,,,59.5,0.9338,0.3577
2023-03-12,37.14,,,,,59.4,0.9399,0.3416
2023-03-13,71.48,,,,,59.4,0.9456,0.3253
2023-03-14,127.72,,,,,59.3,0.9511,0.309
2023-03-15,105.57,,,,,59.1,0.9562,0.2926
2023-03-16,92.35,,,,,58.9,0.9611,0.2761
2023-03-17,109.34,,,,,58.8,0.9657,0.2595
2023-03-18,111.99,,,,,59.0,0.9701,0.2428
2023-03-19,125.17,,,,,59.1,0.9741,0.2261
2023-03-20,115.05,,,,,59.1,0.9778,0.2093
2023-03-21,80.18,,,,,59.1,0.9813,0.1925
2023-03-22,74.71,,,,,59.2,0.9845,0.1755
2023-03-23,53.12,,,,,59.3,0.9873,0.1586
2023-03-24,14.67,,,,,61.3,0.9899,0.1415
2023-03-25,70.62,,,,,59.6,0.9922,0.1245
2023-03-26,92.32,,,,,59.7,0.9942,0.1074
2023-03-27,113.15,,,,,59.6,0.9959,0.0903
2023-03-28,116.54,,,,,59.4,0.9973,0.0731
2023-03-29,81.44,,,,,59.4,0.9984,0.0559
2023-03-30,97.59,,,,,59.4,0.9993,0.0387
2023-03-31,55.77,,,,,59.4,0.9998,0.0215
2023-04-01,67.33,,,,,59.6,1.0,0.0043
2023-04-02,114.8,,,,,59.7,0.9999,-0.0129
2023-04-03,132.07,,,,,59.5,0.9995,-0.0301
2023-04-04,140.97,,,,,59.3,0.9989,-0.0473
2023-04-05,124.28,,,,,59.1,0.9979,-0.0645
2023-04-06,108.63,,,,,59.0,0.9967,-0.0817
2023-04-07,116.89,,,,,59.1,0.9951,-0.0988
2023-04-08,105.05,,,,,59.1,0.9933,-0.1159
2023-04-09,39.97,,,,,59.3,0.9911,-0.133
2023-04-10,59.99,,,,,59.6,0.9887,-0.1501
2023-04-11,107.69,,,,,59.7,0.9859,-0.1671
2023-04-12,108.41,,,,,59.8,0.9829,-0.184
2023-04-13,128.8,,,,,59.7,0.9796,-0.2009
2023-04-14,106.8,,,,,59.7,0.976,-0.2177
2023-04-15,110.1,,,,,59.8,0.9721,-0.2345
2023-04-16,124.24,,,,,59.8,0.9679,-0.2512
2023-04-17,108.23,,,,,59.8,0.9635,-0.2678
2023-04-18,87.52,,,,,59.8,0.9587,-0.2844
2023-04-19,111.71,,,,,59.9,0.9537,-0.3008
2023-04-20,89.48,,,,,59.8,0.9484,-0.3172
2023-04-21,84.47,,,,,59.9,0.9428,-0.3335
2023-04-22,85.8,,,,,60.3,0.9369,-0.3496
2023-04-23,104.6,,,,,60.6,0.9307,-0.3657
2023-04-24,101.0,,,,,60.9,0.9243,-0.3817
2023-04-25,110.72,,,,,61.1,0.9176,-0.3975
2023-04-26,112.09,,,,,61.0,0.9106,-0.4133
2023-04-27,106.0,,,,,61.0,0.9034,-0.4289
2023-04-28,100.65,,,,,61.2,0.8958,-0.4444
2023-04-29,68.29,,,,,61.6,0.8881,-0.4597
2023-04-30,87.55,,,,,61.9,0.88,-0.475
2023-05-01,106.1,,,,,62.2,0.8717,-0.49
2023-05-02,107.8,,,,,62.3,0.8631,-0.505
2023-05-03,97.5,,,,,62.4,0.8543,-0.5197
2023-05-04,96.05,,,,,62.3,0.8452,-0.5344
2023-05-05,89.52,,,,,62.5,0.8359,-0.5488
2023-05-06,66.98,,,,,62.8,0.8264,-0.5632
2023-05-07,96.37,,,,,63.2,0.8165,-0.5773
2023-05-08,94.64,,,,,63.5,0.8065,-0.5913
2023-05-09,107.89,,,,,63.7,0.7962,-0.6051
2023-05-10,116.14,,,,,63.8,0.7856,-0.6187
2023-05-11,100.51,,,,,63.9,0.7749,-0.6321
2023-05-12,78.35,,,,,64.1,0.7639,-0.6453
2023-05-13,72.0,,,,,64.5,0.7527,-0.6584
2023-05-14,113.84,,,,,64.9,0.7412,-0.6713
2023-05-15,79.3,,,,,65.2,0.7296,-0.6839
2023-05-16,78.58,,,,,65.5,0.7177,-0.6964
2023-05-17,86.73,,,,,65.6,0.7056,-0.7086
2023-05-18,87.28,,,,,65.8,0.6933,-0.7207
2023-05-19,46.81,,,,,66.1,0.6808,-0.7325
2023-05-20,28.46,,,,,66.5,0.6681,-0.7441
2023-05-21,97.33,,,,,67.0,0.6552,-0.7555
2023-05-22,72.79,,,,,67.2,0.6421,-0.7667
2023-05-23,102.27,,,,,67.4,0.6288,-0.7776
2023-05-24,81.65,,,,,67.6,0.6153,-0.7883
2023-05-25,69.98,,,,,67.7,0.6016,-0.7988
2023-05-26,62.67,,,,,68.0,0.5878,-0.809
2023-05-27,26.55,,,,,68.3,0.5738,-0.819
2023-05-28,21.45,,,,,68.7,0.5596,-0.8288
2023-05-29,87.74,,,,,69.0,0.5452,-0.8383
2023-05-30,72.32,,,,,69.3,0.5307,-0.8475
2023-05-31,72.9,,,,,69.5,0.5161,-0.8566
2023-06-01,81.02,,,,,69.6,0.5012,-0.8653
2023-06-02,56.37,,,,,69.8,0.4863,-0.8738
2023-06-03,49.67,,,,,70.1,0.4712,-0.882
2023-06-04,90.76,,,,,70.3,0.4559,-0.89
2023-06-05,98.14,,,,,70.4,0.4405,-0.8977
2023-06-06,100.93,,,,,69.9,0.425,-0.9052
2023-06-07,84.52,,,,,70.6,0.4094,-0.9124
2023-06-08,86.68,,,,,70.8,0.3936,-0.9193
2023-06-09,55.13,,,,,71.0,0.3777,-0.9259
2023-06-10,40.75,,,,,71.3,0.3617,-0.9323
2023-06-11,96.4,,,,,71.7,0.3456,-0.9384
2023-06-12,90.03,,,,,71.9,0.3294,-0.9442
2023-06-13,102.94,,,,,72.1,0.3131,-0.9497
2023-06-14,120.31,,,,,72.3,0.2967,-0.955
2023-06-15,127.52,,,,,72.4,0.2802,-0.9599
2023-06-16,104.54,,,,,72.5,0.2637,-0.9646
2023-06-17,93.02,,,,,72.7,0.247,-0.969
2023-06-18,116.97,,,,,73.1,0.2303,-0.9731
2023-06-19,121.15,,,,,73.2,0.2135,-0.9769
2023-06-20,123.47,,,,,73.3,0.1967,-0.9805
2023-06-21,125.71,,,,,73.3,0.1798,-0.9837
2023-06-22,106.41,,,,,73.3,0.1628,-0.9867
2023-06-23,81.82,,,,,73.4,0.1458,-0.9893
2023-06-24,75.48,,,,,73.7,0.1287,-0.9917
2023-06-25,97.49,,,,,73.9,0.1117,-0.9937
2023-06-26,101.95,,,,,74.1,0.0945,-0.9955
2023-06-27,112.52,,,,,74.2,0.0774,-0.997
2023-06-28,118.08,,,,,74.2,0.0602,-0.9982
2023-06-29,110.03,,,,,74.2,0.043,-0.9991
2023-06-30,66.41,,,,,74.3,0.0258,-0.9997
2023-07-01,-53.87,,,,,74.6,0.0086,-1.0
2023-07-02,53.22,,,,,74.9,-0.0086,-1.0
2023-07-03,85.12,,,,,75.2,-0.0258,-0.9997
2023-07-04,69.8,,,,,75.3,-0.043,-0.9991
2023-07-05,107.2,,,,,75.5,-0.0602,-0.9982
2023-07-06,102.97,,,,,75.6,-0.0774,-0.997
2023-07-07,82.19,,,,,75.9,-0.0945,-0.9955
2023-07-08,89.33,,,,,76.2,-0.1117,-0.9937
2023-07-09,113.99,,,,,76.5,-0.1287,-0.9917
2023-07-10,105.96,,,,,76.7,-0.1458,-0.9893
2023-07-11,87.51,,,,,76.8,-0.1628,-0.9867
2023-07-12,97.71,,,,,76.9,-0.1798,-0.9837
2023-07-13,96.97,,,,,77.1,-0.1967,-0.9805
2023-07-14,33.32,,,,,77.3,-0.2135,-0.9769
2023-07-15,14.53,,,,,77.6,-0.2303,-0.9731
2023-07-16,81.92,,,,,78.0,-0.247,-0.969
2023-07-17,106.46,,,,,78.2,-0.2637,-0.9646
2023-07-18,97.32,,,,,78.4,-0.2802,-0.9599
2023-07-19,96.51,,,,,78.6,-0.2967,-0.955
2023-07-20,104.4,,,,,78.7,-0.3131,-0.9497
2023-07-21,76.73,,,,,78.7,-0.3294,-0.9442
2023-07-22,30.92,,,,,79.1,-0.3456,-0.9384
2023-07-23,90.53,,,,,79.5,-0.3617,-0.9323
2023-07-24,104.15,,,,,79.7,-0.3777,-0.9259
2023-07-25,95.24,,,,,79.9,-0.3936,-0.9193
2023-07-26,93.91,,,,,80.1,-0.4094,-0.9124
2023-07-27,95.92,,,,,80.3,-0.425,-0.9052
2023-07-28,76.68,,,,,80.5,-0.4405,-0.8977
2023-07-29,31.75,,,,,80.9,-0.4559,-0.89
2023-07-30,70.97,,,,,81.4,-0.4712,-0.882
2023-07-31,79.43,,,,,81.7,-0.4863,-0.8738
2023-08-01,68.29,,,,,81.5,-0.5012,-0.8653
2023-08-02,45.41,,,,,81.8,-0.5161,-0.8566
2023-08-03,98.59,,,,,82.0,-0.5307,-0.8475
2023-08-04,90.31,,,,,82.2,-0.5452,-0.8383
2023-08-05,57.91,,,,,82.5,-0.5596,-0.8288
2023-08-06,19.44,,,,,82.8,-0.5738,-0.819
2023-08-07,12.06,,,,,83.1,-0.5878,-0.809
2023-08-08,88.35,,,,,83.3,-0.6016,-0.7988
2023-08-09,102.17,,,,,83.6,-0.6153,-0.7883
2023-08-10,100.44,,,,,83.9,-0.6288,-0.7776
2023-08-11,80.14,,,,,84.2,-0.6421,-0.7667
2023-08-12,65.21,,,,,84.6,-0.6552,-0.7555
2023-08-13,103.37,,,,,85.0,-0.6681,-0.7441
2023-08-14,93.56,,,,,85.3,-0.6808,-0.7325
2023-08-15,110.81,,,,,85.5,-0.6933,-0.7207
2023-08-16,111.36,,,,,85.8,-0.7056,-0.7086
2023-08-17,108.99,,,,,86.1,-0.7177,-0.6964
2023-08-18,84.79,,,,,86.3,-0.7296,-0.6839
2023-08-19,90.12,,,,,86.7,-0.7412,-0.6713
2023-08-20,121.11,,,,,87.0,-0.7527,-0.6584
2023-08-21,123.15,,,,,87.1,-0.7639,-0.6453
2023-08-22,146.55,,,,,87.2,-0.7749,-0.6321
2023-08-23,146.95,,,,,87.3,-0.7856,-0.6187
2023-08-24,116.26,,,,,87.4,-0.7962,-0.6051
2023-08-25,96.52,,,,,87.5,-0.8065,-0.5913
2023-08-26,101.9,,,,,87.6,-0.8165,-0.5773
2023-08-27,118.67,,,,,87.8,-0.8264,-0.5632
2023-08-28,122.9,,,,,87.8,-0.8359,-0.5488
2023-08-29,114.93,,,,,87.7,-0.8452,-0.5344
2023-08-30,104.3,,,,,87.7,-0.8543,-0.5197
2023-08-31,108.57,,,,,87.7,-0.8631,-0.505
2023-09-01,95.13,,,,,88.5,-0.8717,-0.49
2023-09-02,82.65,,,,,96.3,-0.88,-0.475
2023-09-03,108.45,,,,,88.8,-0.8881,-0.4597
2023-09-04,103.54,,,,,88.8,-0.8958,-0.4444
2023-09-05,105.62,,,,,88.8,-0.9034,-0.4289
2023-09-06,100.99,,,,,88.8,-0.9106,-0.4133
2023-09-07,108.23,,,,,88.8,-0.9176,-0.3975
2023-09-08,91.51,,,,,88.8,-0.9243,-0.3817
2023-09-09,85.3,,,,,88.8,-0.9307,-0.3657
2023-09-10,152.87,,,,,88.9,-0.9369,-0.3496
2023-09-11,131.45,,,,,88.9,-0.9428,-0.3335
2023-09-12,109.94,,,,,88.9,-0.9484,-0.3172
2023-09-13,120.47,,,,,88.9,-0.9537,-0.3008
2023-09-14,108.19,,,,,88.9,-0.9587,-0.2844
2023-09-15,95.2,,,,,88.9,-0.9635,-0.2678
2023-09-16,87.62,,,,,89.0,-0.9679,-0.2512
2023-09-17,95.3,,,,,89.2,-0.9721,-0.2345
2023-09-18,37.52,,,,,89.3,-0.976,-0.2177
2023-09-19,49.46,,,,,89.4,-0.9796,-0.2009
2023-09-20,103.06,,,,,89.5,-0.9829,-0.184
2023-09-21,103.98,,,,,89.6,-0.9859,-0.1671
2023-09-22,99.52,,,,,89.7,-0.9887,-0.1501
2023-09-23,68.82,,,,,89.8,-0.9911,-0.133
2023-09-24,105.8,,,,,90.0,-0.9933,-0.1159
2023-09-25,128.77,,,,,90.1,-0.9951,-0.0988
2023-09-26,124.48,,,,,90.2,-0.9967,-0.0817
2023-09-27,112.52,,,,,90.3,-0.9979,-0.0645
2023-09-28,105.27,,,,,90.4,-0.9989,-0.0473
2023-09-29,91.5,,,,,90.5,-0.9995,-0.0301
2023-09-30,74.04,,,,,90.7,-0.9999,-0.0129
2023-10-01,118.15,,,,,91.0,-1.0,0.0043
2023-10-02,22.96,,,,,91.3,-0.9998,0.0215
2023-10-03,69.49,,,,,91.6,-0.9993,0.0387
2023-10-04,101.61,,,,,91.8,-0.9984,0.0559
2023-10-05,71.6,,,,,91.8,-0.9973,0.0731
2023-10-06,44.95,,,,,91.9,-0.9959,0.0903
2023-10-07,90.64,,,,,92.1,-0.9942,0.1074
2023-10-08,116.01,,,,,92.3,-0.9922,0.1245
2023-10-09,112.39,,,,,92.4,-0.9899,0.1415
2023-10-10,59.8,,,,,92.5,-0.9873,0.1586
2023-10-11,122.71,,,,,92.8,-0.9845,0.1755
2023-10-12,68.41,,,,,92.9,-0.9813,0.1925
2023-10-13,26.53,,,,,93.2,-0.9778,0.2093
2023-10-14,39.62,,,,,93.4,-0.9741,0.2261
2023-10-15,133.7,,,,,93.5,-0.9701,0.2428
2023-10-16,130.12,,,,,93.6,-0.9657,0.2595
2023-10-17,98.44,,,,,93.6,-0.9611,0.2761
2023-10-18,93.41,,,,,93.6,-0.9562,0.2926
2023-10-19,87.24,,,,,93.5,-0.9511,0.309
2023-10-20,54.32,,,,,93.6,-0.9456,0.3253
2023-10-21,63.95,,,,,93.8,-0.9399,0.3416
2023-10-22,125.02,,,,,94.0,-0.9338,0.3577
2023-10-23,117.99,,,,,94.0,-0.9275,0.3737
2023-10-24,124.31,,,,,94.0,-0.921,0.3896
2023-10-25,121.35,,,,,94.0,-0.9141,0.4054
2023-10-26,118.35,,,,,94.1,-0.907,0.4211
2023-10-27,83.37,,,,,94.1,-0.8996,0.4367
2023-10-28,23.03,,,,,94.3,-0.892,0.4521
2023-10-29,92.89,,,,,94.5,-0.8841,0.4674
2023-10-30,104.95,,,,,94.6,-0.8759,0.4825
2023-10-31,62.89,,,,,94.7,-0.8675,0.4975
2023-11-01,59.77,,,,,94.9,-0.8588,0.5124
2023-11-02,56.57,,,,,95.0,-0.8498,0.5271
2023-11-03,24.82,,,,,95.1,-0.8406,0.5416
2023-11-04,29.91,,,,,95.2,-0.8312,0.556
2023-11-05,72.04,,,,,95.3,-0.8215,0.5702
2023-11-06,99.75,,,,,95.3,-0.8115,0.5843
2023-11-07,89.72,,,,,95.3,-0.8014,0.5982
2023-11-08,97.22,,,,,95.3,-0.7909,0.6119
2023-11-09,94.05,,,,,95.3,-0.7803,0.6254
2023-11-10,96.79,,,,,95.3,-0.7694,0.6387
2023-11-11,97.99,,,,,95.3,-0.7583,0.6519
2023-11-12,94.89,,,,,95.3,-0.747,0.6649
2023-11-13,65.51,,,,,95.3,-0.7354,0.6776
2023-11-14,102.41,,,,,95.3,-0.7236,0.6902
2023-11-15,117.63,,,,,95.5,-0.7117,0.7025
2023-11-16,121.34,,,,,95.4,-0.6995,0.7147
2023-11-17,91.4,,,,,95.2,-0.6871,0.7266
2023-11-18,38.2,,,,,95.2,-0.6744,0.7383
2023-11-19,106.08,,,,,95.3,-0.6616,0.7498
2023-11-20,123.3,,,,,95.4,-0.6486,0.7611
2023-11-21,109.69,,,,,95.2,-0.6354,0.7722
2023-11-22,61.64,,,,,94.9,-0.622,0.783
2023-11-23,63.87,,,,,94.7,-0.6085,0.7936
2023-11-24,94.6,,,,,94.5,-0.5947,0.8039
2023-11-25,116.35,,,,,94.4,-0.5808,0.814
2023-11-26,114.51,,,,,94.2,-0.5667,0.8239
2023-11-27,121.94,,,,,93.7,-0.5524,0.8336
2023-11-28,140.02,,,,,93.2,-0.538,0.8429
2023-11-29,168.76,,,,,92.5,-0.5234,0.8521
2023-11-30,156.4,,,,,91.7,-0.5087,0.861
2023-12-01,116.41,,,,,91.1,-0.4938,0.8696
2023-12-02,104.72,,,,,90.5,-0.4787,0.878
2023-12-03,111.76,,,,,90.1,-0.4636,0.8861
2023-12-04,114.39,,,,,89.4,-0.4482,0.8939
2023-12-05,129.54,,,,,88.8,-0.4328,0.9015
2023-12-06,116.6,,,,,88.2,-0.4172,0.9088
2023-12-07,103.68,,,,,87.7,-0.4015,0.9159
2023-12-08,78.41,,,,,87.3,-0.3857,0.9226
2023-12-09,55.87,,,,,87.3,-0.3697,0.9291
2023-12-10,79.05,,,,,87.3,-0.3537,0.9354
2023-12-11,106.06,,,,,85.9,-0.3375,0.9413
2023-12-12,93.04,,,,,85.7,-0.3213,0.947
2023-12-13,107.12,,,,,85.6,-0.3049,0.9524
2023-12-14,93.24,,,,,86.6,-0.2885,0.9575
2023-12-15,70.7,,,,,86.5,-0.272,0.9623
2023-12-16,50.72,,,,,86.5,-0.2554,0.9668
2023-12-17,77.97,,,,,86.6,-0.2387,0.9711
2023-12-18,76.29,,,,,86.4,-0.2219,0.9751
2023-12-19,62.01,,,,,86.2,-0.2051,0.9787
2023-12-20,25.28,,,,,86.0,-0.1882,0.9821
2023-12-21,22.66,,,,,85.9,-0.1713,0.9852
2023-12-22,30.74,,,,,85.9,-0.1543,0.988
2023-12-23,-3.37,,,,,85.9,-0.1373,0.9905
2023-12-24,0.41,,,,,86.1,-0.1202,0.9927
2023-12-25,16.62,,,,,86.3,-0.1031,0.9947
2023-12-26,60.8,,,,,86.4,-0.086,0.9963
2023-12-27,16.67,,,,,86.4,-0.0688,0.9976
2023-12-28,6.36,,,,,86.5,-0.0516,0.9987
2023-12-29,34.06,,,,,86.5,-0.0344,0.9994
2023-12-30,9.9,,,,,86.6,-0.0172,0.9999
2023-12-31,16.18,,,,,86.6,0.0,1.0
2024-01-01,53.07,,,,,86.7,0.0172,0.9999
2024-01-02,45.22,,,,,86.6,0.0344,0.9994
2024-01-03,85.41,,,,,86.5,0.0516,0.9987
2024-01-04,91.37,,,,,86.2,0.0688,0.9976
2024-01-05,88.72,,,,,86.0,0.086,0.9963
2024-01-06,86.33,,,,,85.7,0.1031,0.9947
2024-01-07,102.23,,,,,85.3,0.1202,0.9927
2024-01-08,109.39,,,,,84.4,0.1373,0.9905
2024-01-09,111.84,,,,,83.3,0.1543,0.988
2024-01-10,109.65,,,,,82.2,0.1713,0.9852
2024-01-11,106.04,,,,,81.1,0.1882,0.9821
2024-01-12,74.57,,,,,80.2,0.2051,0.9787
2024-01-13,76.15,,,,,79.7,0.2219,0.9751
2024-01-14,86.5,,,,,79.2,0.2387,0.9711
2024-01-15,101.14,,,,,78.4,0.2554,0.9668
2024-01-16,99.61,,,,,77.5,0.272,0.9623
2024-01-17,92.74,,,,,76.6,0.2885,0.9575
2024-01-18,78.51,,,,,75.7,0.3049,0.9524
2024-01-19,73.66,,,,,74.9,0.3213,0.947
2024-01-20,50.26,,,,,74.3,0.3375,0.9413
2024-01-21,49.84,,,,,73.8,0.3537,0.9354
2024-01-22,52.28,,,,,73.5,0.3697,0.9291
2024-01-23,33.12,,,,,73.2,0.3857,0.9226
2024-01-24,78.02,,,,,72.9,0.4015,0.9159
2024-01-25,59.23,,,,,72.7,0.4172,0.9088
2024-01-26,68.35,,,,,72.5,0.4328,0.9015
2024-01-27,59.28,,,,,72.2,0.4482,0.8939
2024-01-28,81.03,,,,,71.9,0.4636,0.8861
2024-01-29,77.97,,,,,71.6,0.4787,0.878
2024-01-30,76.0,,,,,71.3,0.4938,0.8696
2024-01-31,72.04,,,,,71.0,0.5087,0.861
2024-02-01,61.66,,,,,70.7,0.5234,0.8521
2024-02-02,35.97,,,,,70.5,0.538,0.8429
2024-02-03,14.78,,,,,70.5,0.5524,0.8336
2024-02-04,35.84,,,,,70.4,0.5667,0.8239
2024-02-05,45.29,,,,,70.2,0.5808,0.814
2024-02-06,79.16,,,,,70.0,0.5947,0.8039
2024-02-07,88.7,,,,,69.6,0.6085,0.7936
2024-02-08,70.52,,,,,69.2,0.622,0.783
2024-02-09,72.13,,,,,69.0,0.6354,0.7722
2024-02-10,61.96,,,,,68.8,0.6486,0.7611
2024-02-11,74.75,,,,,68.7,0.6616,0.7498
2024-02-12,72.23,,,,,68.4,0.6744,0.7383
2024-02-13,68.16,,,,,68.1,0.6871,0.7266
2024-02-14,70.5,,,,,67.8,0.6995,0.7147
2024-02-15,61.06,,,,,67.7,0.7117,0.7025
2024-02-16,66.65,,,,,67.7,0.7236,0.6902
2024-02-17,53.18,,,,,67.8,0.7354,0.6776
2024-02-18,65.29,,,,,67.8,0.747,0.6649
2024-02-19,63.22,,,,,67.7,0.7583,0.6519
2024-02-20,57.57,,,,,67.6,0.7694,0.6387
2024-02-21,50.92,,,,,67.4,0.7803,0.6254
2024-02-22,43.74,,,,,67.2,0.7909,0.6119
2024-02-23,57.2,,,,,67.0,0.8014,0.5982
2024-02-24,61.09,,,,,66.8,0.8115,0.5843
2024-02-25,66.27,,,,,66.7,0.8215,0.5702
2024-02-26,73.84,,,,,66.3,0.8312,0.556
2024-02-27,71.82,,,,,65.9,0.8406,0.5416
2024-02-28,63.2,,,,,65.5,0.8498,0.5271
2024-02-29,71.01,,,,,65.3,0.8588,0.5124
2024-03-01,64.22,,,,,65.1,0.8675,0.4975
2024-03-02,60.47,,,,,65.1,0.8759,0.4825
2024-03-03,75.89,,,,,65.1,0.8841,0.4674
2024-03-04,74.6,,,,,64.9,0.892,0.4521
2024-03-05,82.84,,,,,64.6,0.8996,0.4367
2024-03-06,76.32,,,,,64.3,0.907,0.4211
2024-03-07,62.33,,,,,64.0,0.9141,0.4054
2024-03-08,45.61,,,,,63.8,0.921,0.3896
2024-03-09,34.0,,,,,63.7,0.9275,0.3737
2024-03-10,71.67,,,,,63.7,0.9338,0.3577
2024-03-11,86.47,,,,,63.4,0.9399,0.3416
2024-03-12,72.46,,,,,63.1,0.9456,0.3253
2024-03-13,67.06,,,,,62.9,0.9511,0.309
2024-03-14,55.9,,,,,62.9,0.9562,0.2926
2024-03-15,50.36,,,,,68.6,0.9611,0.2761
2024-03-16,61.81,,,,,63.0,0.9657,0.2595
2024-03-17,81.25,,,,,62.9,0.9701,0.2428
2024-03-18,81.57,,,,,62.8,0.9741,0.2261
2024-03-19,91.34,,,,,62.6,0.9778,0.2093
2024-03-20,81.39,,,,,62.6,0.9813,0.1925
2024-03-21,68.54,,,,,62.6,0.9845,0.1755
2024-03-22,37.58,,,,,62.6,0.9873,0.1586
2024-03-23,25.87,,,,,62.6,0.9899,0.1415
2024-03-24,84.56,,,,,62.5,0.9922,0.1245
2024-03-25,66.14,,,,,62.2,0.9942,0.1074
2024-03-26,76.3,,,,,62.1,0.9959,0.0903
2024-03-27,51.35,,,,,62.0,0.9973,0.0731
2024-03-28,37.76,,,,,61.8,0.9984,0.0559
2024-03-29,53.25,,,,,61.8,0.9993,0.0387
2024-03-30,55.45,,,,,61.9,0.9998,0.0215
2024-03-31,35.88,,,,,60.8,1.0,0.0043
2024-04-01,33.35,,,,,61.8,0.9999,-0.0129
2024-04-02,87.37,,,,,61.6,0.9995,-0.0301
2024-04-03,64.53,,,,,61.6,0.9989,-0.0473
2024-04-04,46.59,,,,,61.5,0.9979,-0.0645
2024-04-05,29.74,,,,,61.6,0.9967,-0.0817
2024-04-06,20.76,,,,,61.9,0.9951,-0.0988
2024-04-07,84.87,,,,,62.2,0.9933,-0.1159
2024-04-08,57.99,,,,,62.5,0.9911,-0.133
2024-04-09,69.91,,,,,62.7,0.9887,-0.1501
2024-04-10,58.81,,,,,62.8,0.9859,-0.1671
2024-04-11,60.95,,,,,62.9,0.9829,-0.184
2024-04-12,13.82,,,,,63.1,0.9796,-0.2009
2024-04-13,16.75,,,,,63.4,0.976,-0.2177
2024-04-14,70.19,,,,,63.8,0.9721,-0.2345
2024-04-15,56.26,,,,,63.9,0.9679,-0.2512
2024-04-16,102.01,,,,,63.8,0.9635,-0.2678
2024-04-17,95.82,,,,,63.6,0.9587,-0.2844
2024-04-18,58.82,,,,,63.4,0.9537,-0.3008
2024-04-19,58.24,,,,,63.3,0.9484,-0.3172
2024-04-20,55.15,,,,,63.2,0.9428,-0.3335
2024-04-21,98.53,,,,,63.2,0.9369,-0.3496
2024-04-22,97.76,,,,,62.8,0.9307,-0.3657
2024-04-23,94.3,,,,,62.4,0.9243,-0.3817
2024-04-24,90.63,,,,,62.1,0.9176,-0.3975
2024-04-25,86.44,,,,,61.8,0.9106,-0.4133
2024-04-26,62.17,,,,,61.7,0.9034,-0.4289
2024-04-27,12.99,,,,,61.8,0.8958,-0.4444
2024-04-28,80.8,,,,,62.0,0.8881,-0.4597
2024-04-29,69.38,,,,,62.1,0.88,-0.475
2024-04-30,4.39,,,,,62.3,0.8717,-0.49
2024-05-01,36.42,,,,,62.5,0.8631,-0.505
2024-05-02,77.81,,,,,62.8,0.8543,-0.5197
2024-05-03,75.15,,,,,62.9,0.8452,-0.5344
2024-05-04,54.16,,,,,63.0,0.8359,-0.5488
2024-05-05,93.18,,,,,63.1,0.8264,-0.5632
2024-05-06,93.04,,,,,63.2,0.8165,-0.5773
2024-05-07,91.82,,,,,63.1,0.8065,-0.5913
2024-05-08,61.86,,,,,63.1,0.7962,-0.6051
2024-05-09,75.99,,,,,63.2,0.7856,-0.6187
2024-05-10,53.65,,,,,63.4,0.7749,-0.6321
2024-05-11,1.78,,,,,63.8,0.7639,-0.6453
2024-05-12,46.41,,,,,64.1,0.7527,-0.6584
2024-05-13,27.68,,,,,64.4,0.7412,-0.6713
2024-05-14,42.93,,,,,64.8,0.7296,-0.6839
2024-05-15,49.56,,,,,65.0,0.7177,-0.6964
2024-05-16,69.01,,,,,65.3,0.7056,-0.7086
2024-05-17,55.8,,,,,65.5,0.6933,-0.7207
2024-05-18,52.5,,,,,65.8,0.6808,-0.7325
2024-05-19,64.98,,,,,66.1,0.6681,-0.7441
2024-05-20,79.81,,,,,66.3,0.6552,-0.7555
2024-05-21,85.84,,,,,66.4,0.6421,-0.7667
2024-05-22,93.87,,,,,66.6,0.6288,-0.7776
2024-05-23,102.19,,,,,66.7,0.6153,-0.7883
2024-05-24,72.26,,,,,66.8,0.6016,-0.7988
2024-05-25,57.93,,,,,67.0,0.5878,-0.809
2024-05-26,106.88,,,,,67.2,0.5738,-0.819
2024-05-27,90.75,,,,,67.3,0.5596,-0.8288
2024-05-28,79.18,,,,,67.4,0.5452,-0.8383
2024-05-29,97.45,,,,,67.5,0.5307,-0.8475
2024-05-30,89.22,,,,,67.6,0.5161,-0.8566
2024-05-31,58.95,,,,,67.7,0.5012,-0.8653
2024-06-01,23.24,,,,,67.9,0.4863,-0.8738
2024-06-02,117.14,,,,,68.1,0.4712,-0.882
2024-06-03,107.23,,,,,68.2,0.4559,-0.89
2024-06-04,81.72,,,,,68.3,0.4405,-0.8977
2024-06-05,86.37,,,,,68.5,0.425,-0.9052
2024-06-06,83.15,,,,,68.7,0.4094,-0.9124
2024-06-07,45.97,,,,,68.9,0.3936,-0.9193
2024-06-08,27.26,,,,,69.2,0.3777,-0.9259
2024-06-09,92.65,,,,,69.5,0.3617,-0.9323
2024-06-10,61.63,,,,,69.6,0.3456,-0.9384
2024-06-11,91.19,,,,,69.8,0.3294,-0.9442
2024-06-12,94.78,,,,,70.0,0.3131,-0.9497
2024-06-13,78.4,,,,,70.1,0.2967,-0.955
2024-06-14,7.64,,,,,70.4,0.2802,-0.9599
2024-06-15,21.4,,,,,70.8,0.2637,-0.9646
2024-06-16,94.34,,,,,71.1,0.247,-0.969
2024-06-17,96.2,,,,,71.3,0.2303,-0.9731
2024-06-18,84.31,,,,,71.5,0.2135,-0.9769
2024-06-19,93.8,,,,,71.8,0.1967,-0.9805
2024-06-20,97.14,,,,,72.1,0.1798,-0.9837
2024-06-21,52.22,,,,,72.3,0.1628,-0.9867
2024-06-22,50.05,,,,,72.8,0.1458,-0.9893
2024-06-23,92.09,,,,,73.2,0.1287,-0.9917
2024-06-24,75.6,,,,,73.4,0.1117,-0.9937
2024-06-25,492.04,,,,,73.7,0.0945,-0.9955
2024-06-26,91.79,,,,,74.0,0.0774,-0.997
2024-06-27,63.05,,,,,74.4,0.0602,-0.9982
2024-06-28,70.55,,,,,74.7,0.043,-0.9991
2024-06-29,43.77,,,,,75.1,0.0258,-0.9997
2024-06-30,91.89,,,,,75.5,0.0086,-1.0
2024-07-01,85.68,,,,,75.8,-0.0086,-1.0
2024-07-02,87.62,,,,,76.0,-0.0258,-0.9997
2024-07-03,28.1,,,,,76.3,-0.043,-0.9991
2024-07-04,36.99,,,,,76.0,-0.0602,-0.9982
2024-07-05,7.36,,,,,76.9,-0.0774,-0.997
2024-07-06,21.65,,,,,77.2,-0.0945,-0.9955
2024-07-07,88.42,,,,,77.5,-0.1117,-0.9937
2024-07-08,77.69,,,,,77.8,-0.1287,-0.9917
2024-07-09,79.01,,,,,78.1,-0.1458,-0.9893
2024-07-10,91.27,,,,,78.4,-0.1628,-0.9867
2024-07-11,90.6,,,,,78.6,-0.1798,-0.9837
2024-07-12,28.69,,,,,78.8,-0.1967,-0.9805
2024-07-13,24.38,,,,,79.0,-0.2135,-0.9769
2024-07-14,77.67,,,,,79.3,-0.2303,-0.9731
2024-07-15,50.3,,,,,79.5,-0.247,-0.969
2024-07-16,76.38,,,,,79.8,-0.2637,-0.9646
2024-07-17,90.74,,,,,80.0,-0.2802,-0.9599
2024-07-18,85.9,,,,,80.2,-0.2967,-0.955
2024-07-19,61.99,,,,,80.5,-0.3131,-0.9497
2024-07-20,54.33,,,,,80.9,-0.3294,-0.9442
2024-07-21,91.23,,,,,81.2,-0.3456,-0.9384
2024-07-22,79.51,,,,,81.4,-0.3617,-0.9323
2024-07-23,65.86,,,,,81.7,-0.3777,-0.9259
2024-07-24,79.28,,,,,81.8,-0.3936,-0.9193
2024-07-25,90.95,,,,,82.0,-0.4094,-0.9124
2024-07-26,80.83,,,,,82.2,-0.425,-0.9052
2024-07-27,46.02,,,,,82.4,-0.4405,-0.8977
2024-07-28,71.62,,,,,82.6,-0.4559,-0.89
2024-07-29,77.24,,,,,82.7,-0.4712,-0.882
2024-07-30,79.4,,,,,82.9,-0.4863,-0.8738
2024-07-31,94.87,,,,,83.1,-0.5012,-0.8653
2024-08-01,93.81,,,,,83.2,-0.5161,-0.8566
2024-08-02,75.29,,,,,83.4,-0.5307,-0.8475
2024-08-03,62.09,,,,,83.6,-0.5452,-0.8383
2024-08-04,99.86,,,,,83.9,-0.5596,-0.8288
2024-08-05,86.98,,,,,84.1,-0.5738,-0.819
2024-08-06,92.91,,,,,84.3,-0.5878,-0.809
2024-08-07,93.15,,,,,84.5,-0.6016,-0.7988
2024-08-08,53.32,,,,,84.7,-0.6153,-0.7883
2024-08-09,49.85,,,,,84.9,-0.6288,-0.7776
2024-08-10,54.72,,,,,85.2,-0.6421,-0.7667
2024-08-11,92.06,,,,,84.6,-0.6552,-0.7555
2024-08-12,99.74,,,,,85.6,-0.6681,-0.7441
2024-08-13,108.01,,,,,85.9,-0.6808,-0.7325
2024-08-14,85.53,,,,,86.1,-0.6933,-0.7207
2024-08-15,108.04,,,,,86.3,-0.7056,-0.7086
2024-08-16,93.24,,,,,86.5,-0.7177,-0.6964
2024-08-17,88.24,,,,,86.8,-0.7296,-0.6839
2024-08-18,108.2,,,,,87.1,-0.7412,-0.6713
2024-08-19,92.11,,,,,87.2,-0.7527,-0.6584
2024-08-20,52.62,,,,,87.4,-0.7639,-0.6453
2024-08-21,63.04,,,,,87.6,-0.7749,-0.6321
2024-08-22,39.13,,,,,87.8,-0.7856,-0.6187
2024-08-23,49.81,,,,,88.0,-0.7962,-0.6051
2024-08-24,21.86,,,,,88.3,-0.8065,-0.5913
2024-08-25,99.59,,,,,88.6,-0.8165,-0.5773
2024-08-26,90.9,,,,,88.7,-0.8264,-0.5632
2024-08-27,95.92,,,,,88.8,-0.8359,-0.5488
2024-08-28,112.91,,,,,89.0,-0.8452,-0.5344
2024-08-29,106.64,,,,,89.0,-0.8543,-0.5197
2024-08-30,79.05,,,,,89.1,-0.8631,-0.505
2024-08-31,61.65,,,,,89.3,-0.8717,-0.49
2024-09-01,115.07,,,,,89.5,-0.88,-0.475
2024-09-02,158.39,,,,,89.6,-0.8881,-0.4597
2024-09-03,125.84,,,,,89.6,-0.8958,-0.4444
2024-09-04,64.42,,,,,89.6,-0.9034,-0.4289
2024-09-05,76.13,,,,,89.7,-0.9106,-0.4133
2024-09-06,79.42,,,,,89.8,-0.9176,-0.3975
2024-09-07,69.0,,,,,89.9,-0.9243,-0.3817
2024-09-08,99.73,,,,,90.0,-0.9307,-0.3657
2024-09-09,59.04,,,,,90.1,-0.9369,-0.3496
2024-09-10,80.94,,,,,90.2,-0.9428,-0.3335
2024-09-11,112.34,,,,,90.2,-0.9484,-0.3172
2024-09-12,90.81,,,,,90.2,-0.9537,-0.3008
2024-09-13,53.83,,,,,90.1,-0.9587,-0.2844
2024-09-14,62.13,,,,,90.1,-0.9635,-0.2678
2024-09-15,97.47,,,,,90.1,-0.9679,-0.2512
2024-09-16,88.89,,,,,90.1,-0.9721,-0.2345
2024-09-17,77.98,,,,,90.0,-0.976,-0.2177
2024-09-18,77.87,,,,,90.1,-0.9796,-0.2009
2024-09-19,73.37,,,,,90.2,-0.9829,-0.184
2024-09-20,70.02,,,,,90.1,-0.9859,-0.1671
2024-09-21,76.18,,,,,90.2,-0.9887,-0.1501
2024-09-22,121.36,,,,,90.3,-0.9911,-0.133
2024-09-23,91.77,,,,,90.3,-0.9933,-0.1159
2024-09-24,75.14,,,,,89.7,-0.9951,-0.0988
2024-09-25,55.0,,,,,89.8,-0.9967,-0.0817
2024-09-26,14.76,,,,,89.9,-0.9979,-0.0645
2024-09-27,29.07,,,,,90.0,-0.9989,-0.0473
2024-09-28,58.35,,,,,90.0,-0.9995,-0.0301
2024-09-29,33.32,,,,,90.1,-0.9999,-0.0129
2024-09-30,67.84,,,,,90.0,-1.0,0.0043
2024-10-01,95.86,,,,,90.0,-0.9998,0.0215
2024-10-02,72.66,,,,,90.0,-0.9993,0.0387
2024-10-03,96.13,,,,,90.0,-0.9984,0.0559
2024-10-04,85.93,,,,,90.0,-0.9973,0.0731
2024-10-05,54.9,,,,,90.1,-0.9959,0.0903
2024-10-06,83.72,,,,,90.2,-0.9942,0.1074
2024-10-07,91.32,,,,,90.3,-0.9922,0.1245
2024-10-08,83.07,,,,,90.5,-0.9899,0.1415
2024-10-09,59.73,,,,,90.7,-0.9873,0.1586
2024-10-10,95.2,,,,,90.8,-0.9845,0.1755
2024-10-11,56.37,,,,,90.8,-0.9813,0.1925
2024-10-12,8.11,,,,,91.0,-0.9778,0.2093
2024-10-13,105.59,,,,,91.1,-0.9741,0.2261
2024-10-14,95.0,,,,,91.0,-0.9701,0.2428
2024-10-15,35.08,,,,,91.0,-0.9657,0.2595
2024-10-16,71.52,,,,,91.1,-0.9611,0.2761
2024-10-17,102.27,,,,,91.2,-0.9562,0.2926
2024-10-18,85.52,,,,,91.2,-0.9511,0.309
2024-10-19,35.51,,,,,91.4,-0.9456,0.3253
2024-10-20,83.04,,,,,91.6,-0.9399,0.3416
2024-10-21,103.01,,,,,91.7,-0.9338,0.3577
2024-10-22,112.0,,,,,91.7,-0.9275,0.3737
2024-10-23,101.68,,,,,91.7,-0.921,0.3896
2024-10-24,112.72,,,,,91.7,-0.9141,0.4054
2024-10-25,101.72,,,,,91.7,-0.907,0.4211
2024-10-26,90.33,,,,,91.8,-0.8996,0.4367
2024-10-27,111.35,,,,,91.9,-0.892,0.4521
2024-10-28,141.18,,,,,91.9,-0.8841,0.4674
2024-10-29,124.69,,,,,92.0,-0.8759,0.4825
2024-10-30,105.79,,,,,92.0,-0.8675,0.4975
2024-10-31,75.06,,,,,92.0,-0.8588,0.5124
2024-11-01,106.76,,,,,92.2,-0.8498,0.5271
2024-11-02,93.43,,,,,91.0,-0.8406,0.5416
2024-11-03,125.87,,,,,92.3,-0.8312,0.556
2024-11-04,164.79,,,,,92.2,-0.8215,0.5702
2024-11-05,231.09,,,,,92.0,-0.8115,0.5843
2024-11-06,159.62,,,,,91.7,-0.8014,0.5982
2024-11-07,113.39,,,,,91.3,-0.7909,0.6119
2024-11-08,114.47,,,,,91.1,-0.7803,0.6254
2024-11-09,114.17,,,,,90.9,-0.7694,0.6387
2024-11-10,121.77,,,,,90.8,-0.7583,0.6519
2024-11-11,166.12,,,,,90.6,-0.747,0.6649
2024-11-12,150.09,,,,,90.3,-0.7354,0.6776
2024-11-13,122.02,,,,,88.6,-0.7236,0.6902
2024-11-14,124.17,,,,,89.6,-0.7117,0.7025
2024-11-15,94.36,,,,,89.4,-0.6995,0.7147
2024-11-16,63.48,,,,,88.1,-0.6871,0.7266
2024-11-17,104.59,,,,,88.1,-0.6744,0.7383
2024-11-18,123.99,,,,,89.0,-0.6616,0.7498
2024-11-19,115.03,,,,,88.7,-0.6486,0.7611
2024-11-20,123.32,,,,,88.3,-0.6354,0.7722
2024-11-21,111.3,,,,,87.8,-0.622,0.783
2024-11-22,76.02,,,,,87.2,-0.6085,0.7936
2024-11-23,3.97,,,,,86.9,-0.5947,0.8039
2024-11-24,55.01,,,,,86.9,-0.5808,0.814
2024-11-25,112.75,,,,,86.8,-0.5667,0.8239
2024-11-26,119.99,,,,,85.4,-0.5524,0.8336
2024-11-27,96.07,,,,,86.4,-0.538,0.8429
2024-11-28,130.25,,,,,84.9,-0.5234,0.8521
2024-11-29,104.24,,,,,85.8,-0.5087,0.861
2024-11-30,94.59,,,,,84.2,-0.4938,0.8696
2024-12-01,109.15,,,,,85.2,-0.4787,0.878
2024-12-02,144.07,,,,,84.8,-0.4636,0.8861
2024-12-03,182.47,,,,,84.4,-0.4482,0.8939
2024-12-04,106.2,,,,,83.9,-0.4328,0.9015
2024-12-05,86.37,,,,,83.5,-0.4172,0.9088
2024-12-06,71.51,,,,,83.3,-0.4015,0.9159
2024-12-07,99.07,,,,,83.1,-0.3857,0.9226
2024-12-08,99.59,,,,,83.0,-0.3697,0.9291
2024-12-09,149.93,,,,,82.6,-0.3537,0.9354
2024-12-10,266.54,,,,,81.9,-0.3375,0.9413
2024-12-11,395.34,,,,,81.1,-0.3213,0.947
2024-12-12,178.47,,,,,80.3,-0.3049,0.9524
2024-12-13,101.23,,,,,79.6,-0.2885,0.9575
2024-12-14,46.85,,,,,79.2,-0.272,0.9623
2024-12-15,48.67,,,,,78.9,-0.2554,0.9668
2024-12-16,86.3,,,,,78.0,-0.2387,0.9711
2024-12-17,54.97,,,,,78.4,-0.2219,0.9751
2024-12-18,52.03,,,,,78.2,-0.2051,0.9787
2024-12-19,76.37,,,,,78.0,-0.1882,0.9821
2024-12-20,22.14,,,,,77.8,-0.1713,0.9852
2024-12-21,22.93,,,,,77.7,-0.1543,0.988
2024-12-22,59.1,,,,,77.6,-0.1373,0.9905
2024-12-23,102.49,,,,,77.4,-0.1202,0.9927
2024-12-24,98.63,,,,,77.3,-0.1031,0.9947
2024-12-25,112.89,,,,,77.2,-0.086,0.9963
2024-12-26,121.71,,,,,77.1,-0.0688,0.9976
2024-12-27,122.64,,,,,76.7,-0.0516,0.9987
2024-12-28,105.28,,,,,76.3,-0.0344,0.9994
2024-12-29,78.16,,,,,75.8,-0.0172,0.9999
2024-12-30,62.1,,,,,75.3,0.0,1.0
2024-12-31,0.95,,,,,75.0,0.0172,0.9999
2025-01-01,92.91,,,,,74.7,0.0172,0.9999
2025-01-02,89.94,,,,,74.3,0.0344,0.9994
2025-01-03,120.79,,,,,73.6,0.0516,0.9987
2025-01-04,72.24,,,,,73.1,0.0688,0.9976
2025-01-05,25.16,,,,,72.6,0.086,0.9963
2025-01-06,58.29,,,,,72.3,0.1031,0.9947
2025-01-07,104.53,,,,,71.8,0.1202,0.9927
2025-01-08,121.53,,,,,71.0,0.1373,0.9905
2025-01-09,112.43,,,,,70.2,0.1543,0.988
2025-01-10,101.89,,,,,69.4,0.1713,0.9852
2025-01-11,110.07,,,,,68.5,0.1882,0.9821
2025-01-12,129.2,,,,,67.7,0.2051,0.9787
2025-01-13,126.82,,,,,66.5,0.2219,0.9751
2025-01-14,222.18,,,,,65.3,0.2387,0.9711
2025-01-15,148.1,,,,,64.2,0.2554,0.9668
2025-01-16,146.32,,,,,63.2,0.272,0.9623
2025-01-17,134.15,,,,,61.9,0.2885,0.9575
2025-01-18,128.72,,,,,60.9,0.3049,0.9524
2025-01-19,231.36,,,,,59.8,0.3213,0.947
2025-01-20,168.46,,,,,58.5,0.3375,0.9413
2025-01-21,161.45,,,,,57.1,0.3537,0.9354
2025-01-22,103.94,,,,,56.0,0.3697,0.9291
2025-01-23,78.9,,,,,55.4,0.3857,0.9226
2025-01-24,99.33,,,,,54.9,0.4015,0.9159
2025-01-25,101.46,,,,,54.6,0.4172,0.9088
2025-01-26,60.17,,,,,54.3,0.4328,0.9015
2025-01-27,106.37,,,,,54.0,0.4482,0.8939
2025-01-28,108.14,,,,,53.7,0.4636,0.8861
2025-01-29,131.53,,,,,53.3,0.4787,0.878
2025-01-30,141.02,,,,,52.7,0.4938,0.8696
2025-01-31,135.45,,,,,52.2,0.5087,0.861
2025-02-01,137.13,,,,,51.6,0.5234,0.8521
2025-02-02,154.51,,,,,50.9,0.538,0.8429
2025-02-03,142.42,,,,,49.9,0.5524,0.8336
2025-02-04,141.77,,,,,49.0,0.5667,0.8239
2025-02-05,150.09,,,,,48.0,0.5808,0.814
2025-02-06,121.18,,,,,47.2,0.5947,0.8039
2025-02-07,108.81,,,,,46.5,0.6085,0.7936
2025-02-08,128.42,,,,,46.0,0.622,0.783
2025-02-09,121.84,,,,,45.4,0.6354,0.7722
2025-02-10,120.01,,,,,44.6,0.6486,0.7611
2025-02-11,154.32,,,,,43.8,0.6616,0.7498
2025-02-12,172.12,,,,,42.9,0.6744,0.7383
2025-02-13,179.14,,,,,41.9,0.6871,0.7266
2025-02-14,133.66,,,,,40.9,0.6995,0.7147
2025-02-15,132.65,,,,,40.0,0.7117,0.7025
2025-02-16,153.42,,,,,39.1,0.7236,0.6902
2025-02-17,132.45,,,,,37.9,0.7354,0.6776
2025-02-18,110.83,,,,,36.7,0.747,0.6649
2025-02-19,94.95,,,,,35.7,0.7583,0.6519
2025-02-20,90.8,,,,,34.9,0.7694,0.6387
2025-02-21,70.32,,,,,34.6,0.7803,0.6254
2025-02-22,91.04,,,,,34.4,0.7909,0.6119
2025-02-23,91.05,,,,,34.2,0.8014,0.5982
2025-02-24,139.76,,,,,34.0,0.8115,0.5843
2025-02-25,135.7,,,,,33.6,0.8215,0.5702
2025-02-26,126.03,,,,,33.2,0.8312,0.556
2025-02-27,128.77,,,,,32.7,0.8406,0.5416
2025-02-28,123.65,,,,,31.5,0.8498,0.5271
2025-03-01,91.12,,,,,31.2,0.8588,0.5124
2025-03-02,106.45,,,,,30.9,0.8675,0.4975
2025-03-03,107.77,,,,,30.4,0.8759,0.4825
2025-03-04,78.55,,,,,30.1,0.8841,0.4674
2025-03-05,89.82,,,,,29.9,0.892,0.4521
2025-03-06,103.99,,,,,29.7,0.8996,0.4367
2025-03-07,90.69,,,,,29.6,0.907,0.4211
2025-03-08,77.21,,,,,29.7,0.9141,0.4054
2025-03-09,112.86,,,,,29.7,0.921,0.3896
2025-03-10,125.3,,,,,29.5,0.9275,0.3737
2025-03-11,124.87,,,,,29.1,0.9338,0.3577
2025-03-12,125.14,,,,,28.7,0.9399,0.3416
2025-03-13,121.23,,,,,28.2,0.9456,0.3253
2025-03-14,92.92,,,,,27.8,0.9511,0.309
2025-03-15,72.03,,,,,27.6,0.9562,0.2926
2025-03-16,99.11,,,,,27.4,0.9611,0.2761
2025-03-17,90.14,,,,,27.0,0.9657,0.2595
2025-03-18,104.39,,,,,26.7,0.9701,0.2428
2025-03-19,108.3,,,,,26.6,0.9741,0.2261
2025-03-20,73.52,,,,,26.6,0.9778,0.2093
2025-03-21,14.96,,,,,26.6,0.9813,0.1925
2025-03-22,54.96,,,,,26.8,0.9845,0.1755
2025-03-23,129.88,,,,,26.9,0.9873,0.1586
2025-03-24,111.78,,,,,26.8,0.9899,0.1415
2025-03-25,114.53,,,,,26.8,0.9922,0.1245
2025-03-26,98.97,,,,,26.6,0.9942,0.1074
2025-03-27,88.34,,,,,26.6,0.9959,0.0903
2025-03-28,84.51,,,,,26.5,0.9973,0.0731
2025-03-29,11.68,,,,,26.6,0.9984,0.0559
2025-03-30,104.4,,,,,26.6,0.9993,0.0387
2025-03-31,94.22,,,,,26.5,0.9998,0.0215
2025-04-01,61.62,,,,,26.5,1.0,0.0043
2025-04-02,77.5,,,,,26.5,0.9999,-0.0129
2025-04-03,89.91,,,,,26.5,0.9995,-0.0301
2025-04-04,54.83,,,,,26.6,0.9989,-0.0473
2025-04-05,38.29,,,,,26.8,0.9979,-0.0645
2025-04-06,96.13,,,,,26.8,0.9967,-0.0817
2025-04-07,98.75,,,,,26.7,0.9951,-0.0988
2025-04-08,91.56,,,,,26.4,0.9933,-0.1159
2025-04-09,85.52,,,,,26.5,0.9911,-0.133
2025-04-10,64.63,,,,,26.4,0.9887,-0.1501
2025-04-11,65.41,,,,,26.4,0.9859,-0.1671
2025-04-12,39.2,,,,,26.5,0.9829,-0.184
2025-04-13,98.16,,,,,26.9,0.9796,-0.2009
2025-04-14,70.04,,,,,27.0,0.976,-0.2177
2025-04-15,89.58,,,,,27.2,0.9721,-0.2345
2025-04-16,98.49,,,,,27.3,0.9679,-0.2512
2025-04-17,87.9,,,,,27.4,0.9635,-0.2678
2025-04-18,68.92,,,,,27.4,0.9587,-0.2844
2025-04-19,65.26,,,,,27.8,0.9537,-0.3008
2025-04-20,81.99,,,,,28.1,0.9484,-0.3172
2025-04-21,112.64,,,,,28.4,0.9428,-0.3335
2025-04-22,109.48,,,,,28.5,0.9369,-0.3496
2025-04-23,96.8,,,,,28.5,0.9307,-0.3657
2025-04-24,88.53,,,,,28.6,0.9243,-0.3817
2025-04-25,57.39,,,,,28.7,0.9176,-0.3975
2025-04-26,31.43,,,,,28.9,0.9106,-0.4133
2025-04-27,75.75,,,,,29.1,0.9034,-0.4289
2025-04-28,73.2,,,,,29.4,0.8958,-0.4444
2025-04-29,74.96,,,,,29.6,0.8881,-0.4597
2025-04-30,44.97,,,,,29.7,0.88,-0.475
2025-05-01,62.79,,,,,30.1,0.8717,-0.49
2025-05-02,55.08,,,,,30.6,0.8631,-0.505
2025-05-03,33.54,,,,,31.0,0.8543,-0.5197
2025-05-04,87.4,,,,,31.3,0.8452,-0.5344
2025-05-05,90.96,,,,,31.5,0.8359,-0.5488
2025-05-06,98.93,,,,,31.6,0.8264,-0.5632
2025-05-07,103.18,,,,,31.7,0.8165,-0.5773
2025-05-08,81.11,,,,,31.8,0.8065,-0.5913
2025-05-09,52.3,,,,,31.9,0.7962,-0.6051
2025-05-10,19.41,,,,,32.2,0.7856,-0.6187
2025-05-11,69.61,,,,,32.5,0.7749,-0.6321
2025-05-12,79.5,,,,,32.7,0.7639,-0.6453
2025-05-13,69.07,,,,,32.9,0.7527,-0.6584
2025-05-14,66.24,,,,,33.1,0.7412,-0.6713
2025-05-15,73.4,,,,,33.3,0.7296,-0.6839
2025-05-16,59.51,,,,,33.5,0.7177,-0.6964
2025-05-17,62.93,,,,,33.8,0.7056,-0.7086
2025-05-18,95.54,,,,,34.1,0.6933,-0.7207
2025-05-19,91.14,,,,,34.2,0.6808,-0.7325
2025-05-20,71.35,,,,,34.4,0.6681,-0.7441
2025-05-21,61.22,,,,,34.3,0.6552,-0.7555
2025-05-22,82.57,,,,,34.4,0.6421,-0.7667
2025-05-23,58.1,,,,,34.5,0.6288,-0.7776
2025-05-24,23.71,,,,,34.7,0.6153,-0.7883
2025-05-25,72.91,,,,,34.9,0.6016,-0.7988
2025-05-26,61.85,,,,,35.1,0.5878,-0.809
2025-05-27,84.19,,,,,35.3,0.5738,-0.819
2025-05-28,56.29,,,,,35.5,0.5596,-0.8288
2025-05-29,48.19,,,,,35.8,0.5452,-0.8383
2025-05-30,70.51,,,,,36.1,0.5307,-0.8475
2025-05-31,39.58,,,,,36.6,0.5161,-0.8566
2025-06-01,87.04,,,,,37.4,0.5012,-0.8653
2025-06-02,71.69,,,,,37.7,0.4863,-0.8738
2025-06-03,83.11,,,,,37.9,0.4712,-0.882
2025-06-04,80.16,,,,,38.1,0.4559,-0.89
2025-06-05,48.63,,,,,38.3,0.4405,-0.8977
2025-06-06,59.72,,,,,38.6,0.425,-0.9052
2025-06-07,22.64,,,,,39.0,0.4094,-0.9124
2025-06-08,33.31,,,,,39.4,0.3936,-0.9193
2025-06-09,54.12,,,,,39.8,0.3777,-0.9259
2025-06-10,71.6,,,,,40.1,0.3617,-0.9323
2025-06-11,59.28,,,,,40.4,0.3456,-0.9384
2025-06-12,52.09,,,,,40.6,0.3294,-0.9442
2025-06-13,44.38,,,,,40.8,0.3131,-0.9497
2025-06-14,61.84,,,,,41.2,0.2967,-0.955
2025-06-15,81.1,,,,,41.6,0.2802,-0.9599
2025-06-16,84.65,,,,,41.9,0.2637,-0.9646
2025-06-17,79.82,,,,,42.1,0.247,-0.969
2025-06-18,56.02,,,,,42.4,0.2303,-0.9731
2025-06-19,87.05,,,,,42.7,0.2135,-0.9769
2025-06-20,72.61,,,,,42.9,0.1967,-0.9805
2025-06-21,41.47,,,,,43.4,0.1798,-0.9837
2025-06-22,38.74,,,,,43.8,0.1628,-0.9867
2025-06-23,47.22,,,,,44.1,0.1458,-0.9893
2025-06-24,80.15,,,,,44.4,0.1287,-0.9917
2025-06-25,91.36,,,,,44.6,0.1117,-0.9937
2025-06-26,81.19,,,,,44.8,0.0945,-0.9955
2025-06-27,52.51,,,,,45.0,0.0774,-0.997
2025-06-28,54.12,,,,,45.4,0.0602,-0.9982
2025-06-29,102.42,,,,,45.8,0.043,-0.9991
2025-06-30,138.36,,,,,46.1,0.0258,-0.9997
2025-07-01,103.89,,,,,46.5,0.0086,-1.0
2025-07-02,86.47,,,,,46.8,-0.0086,-1.0
2025-07-03,79.62,,,,,47.0,-0.0258,-0.9997
2025-07-04,53.86,,,,,47.3,-0.043,-0.9991
2025-07-05,73.49,,,,,47.7,-0.0602,-0.9982
2025-07-06,99.97,,,,,48.1,-0.0774,-0.997
2025-07-07,90.01,,,,,48.3,-0.0945,-0.9955
2025-07-08,91.8,,,,,50.0,-0.1117,-0.9937
2025-07-09,90.41,,,,,48.9,-0.1287,-0.9917
2025-07-10,87.88,,,,,49.3,-0.1458,-0.9893
2025-07-11,72.26,,,,,49.6,-0.1628,-0.9867
2025-07-12,73.49,,,,,50.1,-0.1798,-0.9837
2025-07-13,98.47,,,,,50.5,-0.1967,-0.9805
2025-07-14,90.82,,,,,50.7,-0.2135,-0.9769
2025-07-15,95.75,,,,,51.0,-0.2303,-0.9731
2025-07-16,92.61,,,,,51.2,-0.247,-0.969
2025-07-17,100.93,,,,,51.4,-0.2637,-0.9646
2025-07-18,70.14,,,,,51.6,-0.2802,-0.9599
2025-07-19,71.48,,,,,52.0,-0.2967,-0.955
2025-07-20,100.23,,,,,52.4,-0.3131,-0.9497
2025-07-21,78.38,,,,,52.7,-0.3294,-0.9442
2025-07-22,78.25,,,,,52.9,-0.3456,-0.9384
2025-07-23,102.55,,,,,53.2,-0.3617,-0.9323
2025-07-24,97.43,,,,,53.3,-0.3777,-0.9259
2025-07-25,91.16,,,,,53.5,-0.3936,-0.9193
2025-07-26,79.43,,,,,53.9,-0.4094,-0.9124
2025-07-27,94.08,,,,,54.3,-0.425,-0.9052
2025-07-28,76.95,,,,,54.7,-0.4405,-0.8977
2025-07-29,75.95,,,,,55.0,-0.4559,-0.89
2025-07-30,85.52,,,,,55.4,-0.4712,-0.882
2025-07-31,93.19,,,,,55.5,-0.4863,-0.8738
2025-08-01,67.15,,,,,55.2,-0.5012,-0.8653
2025-08-02,42.25,,,,,56.3,-0.5161,-0.8566
2025-08-03,63.46,,,,,56.8,-0.5307,-0.8475
2025-08-04,36.05,,,,,57.1,-0.5452,-0.8383
2025-08-05,61.94,,,,,57.5,-0.5596,-0.8288
2025-08-06,71.79,,,,,57.9,-0.5738,-0.819
2025-08-07,76.16,,,,,58.2,-0.5878,-0.809
2025-08-08,61.42,,,,,58.5,-0.6016,-0.7988
2025-08-09,46.8,,,,,58.9,-0.6153,-0.7883
2025-08-10,84.48,,,,,59.3,-0.6288,-0.7776
2025-08-11,84.95,,,,,59.6,-0.6421,-0.7667
2025-08-12,99.83,,,,,59.9,-0.6552,-0.7555
2025-08-13,105.06,,,,,60.1,-0.6681,-0.7441
2025-08-14,73.61,,,,,60.4,-0.6808,-0.7325
2025-08-15,60.93,,,,,60.8,-0.6933,-0.7207
2025-08-16,64.05,,,,,61.1,-0.7056,-0.7086
2025-08-17,91.53,,,,,61.5,-0.7177,-0.6964
2025-08-18,82.39,,,,,61.7,-0.7296,-0.6839
2025-08-19,91.01,,,,,62.0,-0.7412,-0.6713
2025-08-20,92.68,,,,,62.2,-0.7527,-0.6584
2025-08-21,73.69,,,,,62.5,-0.7639,-0.6453
2025-08-22,67.88,,,,,62.7,-0.7749,-0.6321
2025-08-23,63.05,,,,,63.1,-0.7856,-0.6187
2025-08-24,89.09,,,,,63.4,-0.7962,-0.6051
2025-08-25,99.79,,,,,63.7,-0.8065,-0.5913
2025-08-26,104.62,,,,,63.9,-0.8165,-0.5773
2025-08-27,115.89,,,,,64.1,-0.8264,-0.5632
2025-08-28,94.12,,,,,64.4,-0.8359,-0.5488
2025-08-29,70.2,,,,,64.7,-0.8452,-0.5344
2025-08-30,57.62,,,,,65.1,-0.8543,-0.5197
2025-08-31,101.46,,,,,65.4,-0.8631,-0.505
2025-09-01,122.09,,,,,66.8,-0.8717,-0.49
2025-09-02,65.67,,,,,66.8,-0.88,-0.475
2025-09-03,87.61,,,,,67.0,-0.8881,-0.4597
2025-09-04,99.92,,,,,67.5,-0.8958,-0.4444
2025-09-05,75.45,,,,,67.8,-0.9034,-0.4289
2025-09-06,42.13,,,,,68.2,-0.9106,-0.4133
2025-09-07,123.56,,,,,68.5,-0.9176,-0.3975
2025-09-08,142.45,,,,,68.7,-0.9243,-0.3817
2025-09-09,125.95,,,,,68.6,-0.9307,-0.3657
2025-09-10,72.18,,,,,69.0,-0.9369,-0.3496
2025-09-11,54.13,,,,,69.2,-0.9428,-0.3335
2025-09-12,60.96,,,,,69.5,-0.9484,-0.3172
2025-09-13,71.72,,,,,69.8,-0.9537,-0.3008
2025-09-14,8.83,,,,,70.1,-0.9587,-0.2844
2025-09-15,19.52,,,,,70.3,-0.9635,-0.2678
2025-09-16,75.34,,,,,70.5,-0.9679,-0.2512
2025-09-17,65.73,,,,,70.6,-0.9721,-0.2345
2025-09-18,96.48,,,,,70.7,-0.976,-0.2177
2025-09-19,58.71,,,,,70.9,-0.9796,-0.2009
2025-09-20,32.18,,,,,71.1,-0.9829,-0.184
2025-09-21,97.5,,,,,71.4,-0.9859,-0.1671
2025-09-22,103.09,,,,,71.4,-0.9887,-0.1501
2025-09-23,79.19,,,,,71.2,-0.9911,-0.133
2025-09-24,81.81,,,,,71.4,-0.9933,-0.1159
2025-09-25,94.96,,,,,71.5,-0.9951,-0.0988
2025-09-26,92.8,,,,,71.5,-0.9967,-0.0817
2025-09-27,87.18,,,,,70.8,-0.9979,-0.0645
2025-09-28,130.57,,,,,71.8,-0.9989,-0.0473
2025-09-29,136.17,,,,,71.8,-0.9995,-0.0301
2025-09-30,116.57,,,,,71.8,-0.9999,-0.0129
2025-10-01,102.7,,,,,71.8,-1.0,0.0043
2025-10-02,66.76,,,,,71.7,-0.9998,0.0215
2025-10-03,-0.29,,,,,71.7,-0.9993,0.0387
2025-10-04,1.73,,,,,71.9,-0.9984,0.0559
2025-10-05,86.18,,,,,71.9,-0.9973,0.0731
2025-10-06,137.96,,,,,71.8,-0.9959,0.0903
2025-10-07,117.58,,,,,71.6,-0.9942,0.1074
2025-10-08,104.91,,,,,71.6,-0.9922,0.1245
2025-10-09,96.41,,,,,71.6,-0.9899,0.1415
2025-10-10,90.69,,,,,71.6,-0.9873,0.1586
2025-10-11,89.19,,,,,71.6,-0.9845,0.1755
2025-10-12,139.05,,,,,71.7,-0.9813,0.1925
2025-10-13,156.14,,,,,71.5,-0.9778,0.2093
2025-10-14,145.72,,,,,71.4,-0.9741,0.2261
2025-10-15,100.0,,,,,71.3,-0.9701,0.2428
2025-10-16,104.41,,,,,71.1,-0.9657,0.2595
2025-10-17,95.74,,,,,71.0,-0.9611,0.2761
2025-10-18,75.35,,,,,71.0,-0.9562,0.2926
2025-10-19,82.26,,,,,70.7,-0.9511,0.309
2025-10-20,67.81,,,,,70.7,-0.9456,0.3253
2025-10-21,125.07,,,,,70.7,-0.9399,0.3416
2025-10-22,82.27,,,,,70.6,-0.9338,0.3577
2025-10-23,32.32,,,,,70.7,-0.9275,0.3737
2025-10-24,11.22,,,,,70.6,-0.921,0.3896
2025-10-25,6.52,,,,,70.6,-0.9141,0.4054
2025-10-26,68.4,,,,,70.6,-0.907,0.4211
2025-10-27,66.67,,,,,70.3,-0.8996,0.4367
2025-10-28,87.72,,,,,,-0.892,0.4521
2025-10-29,69.41,,,,,,-0.8841,0.4674
2025-10-30,93.24,,,,,,-0.8759,0.4825
2025-10-31,47.63,,,,,,-0.8675,0.4975
2025-11-01,85.91,,,,,,-0.8588,0.5124
2025-11-02,78.29,,,,,,-0.8498,0.5271
2025-11-03,73.55,,,,,,-0.8406,0.5416
2025-11-04,93.43,,,,,,-0.8312,0.556
2025-11-05,106.21,,,,,,-0.8215,0.5702
2025-11-06,110.8,,,,,,-0.8115,0.5843
2025-11-07,106.46,,,,,,-0.8014,0.5982
2025-11-08,99.0,,,,,,-0.7909,0.6119
2025-11-09,109.89,,,,,,-0.7803,0.6254
2025-11-10,96.89,,,,,,-0.7694,0.6387
2025-11-11,80.32,,,,,,-0.7583,0.6519
2025-11-12,69.85,,,,,,-0.747,0.6649
2025-11-13,106.73,,,,,,-0.7354,0.6776
2025-11-14,90.7,,,,,,-0.7236,0.6902
2025-11-15,101.44,,,,,,-0.7117,0.7025
2025-11-16,94.71,,,,,,-0.6995,0.7147
2025-11-17,101.97,,,,,,-0.6871,0.7266
2025-11-18,102.53,,,,,,-0.6744,0.7383
2025-11-19,125.99,,,,,,-0.6616,0.7498
2025-11-20,146.48,,,,,,-0.6486,0.7611
2025-11-21,91.25,,,,,,-0.6354,0.7722
2025-11-22,71.43,,,,,,-0.622,0.783
2025-11-23,132.36,,,,,,-0.6085,0.7936
2025-11-24,220.52,,,,,,-0.5947,0.8039
2025-11-25,161.52,,,,,,-0.5808,0.814
2025-11-26,91.18,,,,,,-0.5667,0.8239
2025-11-27,85.05,,,,,,-0.5524,0.8336
2025-11-28,90.19,,,,,,-0.538,0.8429
2025-11-29,84.15,,,,,,-0.5234,0.8521
2025-11-30,93.43,,,,,,-0.5087,0.861
2025-12-01,100.37,,,,,,-0.4938,0.8696
2025-12-02,164.81,,,,,,-0.4787,0.878
2025-12-03,124.86,,,,,,-0.4636,0.8861
2025-12-04,133.29,,,,,,-0.4482,0.8939
2025-12-05,79.61,,,,,,-0.4328,0.9015
2025-12-06,80.39,,,,,,-0.4172,0.9088
2025-12-07,70.64,,,,,,-0.4015,0.9159
2025-12-08,91.57,,,,,,-0.3857,0.9226
2025-12-09,78.5,,,,,,-0.3697,0.9291
2025-12-10,94.46,,,,,,-0.3537,0.9354
2025-12-11,113.44,,,,,,-0.3375,0.9413
2025-12-12,95.92,,,,,,-0.3213,0.947
2025-12-13,86.21,,,,,,-0.3049,0.9524
2025-12-14,87.4,,,,,,-0.2885,0.9575
2025-12-15,106.74,,,,,,-0.272,0.9623
2025-12-16,106.4,,,,,,-0.2554,0.9668
2025-12-17,74.22,,,,,,-0.2387,0.9711
2025-12-18,70.07,,,,,,-0.2219,0.9751
2025-12-19,103.06,,,,,,-0.2051,0.9787
2025-12-20,91.57,,,,,,-0.1882,0.9821
2025-12-21,85.55,,,,,,-0.1713,0.9852
2025-12-22,74.73,,,,,,-0.1543,0.988
2025-12-23,69.38,,,,,,-0.1373,0.9905
2025-12-24,69.75,,,,,,-0.1202,0.9927
2025-12-25,97.53,,,,,,-0.1031,0.9947
2025-12-26,91.44,,,,,,-0.086,0.9963
2025-12-27,92.77,,,,,,-0.0688,0.9976
2025-12-28,94.35,,,,,,-0.0516,0.9987
2025-12-29,87.76,,,,,,-0.0344,0.9994
2025-12-30,87.31,,,,,,-0.0172,0.9999
2025-12-31,9.75,,,,,,0.0,1.0
2026-06-01,151.86,,,,,,0.5012,-0.8653
2026-06-02,122.02,,,,,,0.4863,-0.8738
2026-06-03,102.64,,,,,,0.4712,-0.882
2026-06-04,61.34,,,,,,0.4559,-0.89
2026-06-05,100.36,,,,,,0.4405,-0.8977
2026-06-06,88.42,,,,,,0.425,-0.9052
2026-06-07,42.67,,,,,,0.4094,-0.9124
2026-06-08,124.25,,,,,,0.3936,-0.9193
2026-06-09,96.87,,,,,,0.3777,-0.9259
2026-06-10,122.51,,,,,,0.3617,-0.9323
2026-06-11,112.06,,,,,,0.3456,-0.9384
2026-06-12,97.46,,,,,,0.3294,-0.9442
2026-06-13,26.82,,,,,,0.3131,-0.9497
2026-06-14,25.12,,,,,,0.2967,-0.955
2026-06-15,74.26,,,,,,0.2802,-0.9599
2026-06-16,113.08,,,,,,0.2637,-0.9646
2026-06-17,117.63,,,,,,0.247,-0.969
2026-06-18,139.92,,,,,,0.2303,-0.9731
2026-06-19,108.18,,,,,,0.2135,-0.9769
2026-06-20,87.47,,,,,,0.1967,-0.9805
2026-06-21,83.0,,,,,,0.1798,-0.9837
2026-06-22,124.09,,,,,,0.1628,-0.9867
2026-06-23,174.91,,,,,,0.1458,-0.9893
2026-06-24,207.84,,,,,,0.1287,-0.9917
2026-06-25,133.54,,,,,,0.1117,-0.9937
2026-06-26,135.11,,,,,,0.0945,-0.9955
2026-06-27,99.42,,,,,,0.0774,-0.997
2026-06-28,85.0,,,,,,0.0602,-0.9982
2026-06-29,140.28,,,,,,0.043,-0.9991
2026-06-30,187.33,,,,,,0.0258,-0.9997
2026-07-01,151.43,,,,,,0.0086,-1.0
2026-07-02,73.31,,,,,,-0.0086,-1.0
2026-07-03,59.54,,,,,,-0.0258,-0.9997
2026-07-04,63.4,,,,,,-0.043,-0.9991
2026-07-05,62.75,,,,,,-0.0602,-0.9982
2026-07-07,72.8,,,,,,-0.0945,-0.9955
2026-07-08,98.96,,,,,,-0.1117,-0.9937
2026-07-09,124.21,,,,,,-0.1287,-0.9917
2026-07-10,123.67,,,,,,-0.1458,-0.9893
2026-07-11,94.6,,,,,,-0.1628,-0.9867
2026-07-12,75.23,,,,,,-0.1798,-0.9837
2026-07-13,119.11,,,,,,-0.1967,-0.9805
2026-07-14,123.97,,,,,,-0.2135,-0.9769
2026-07-15,136.42,,,,,,-0.2303,-0.9731
2026-07-16,159.86,,,,,,-0.247,-0.969
2026-07-17,140.63,,,,,,-0.2637,-0.9646
2026-07-18,82.46,,,,,,-0.2802,-0.9599
2026-07-19,70.96,,,,,,-0.2967,-0.955
2026-07-20,103.16,,,,,,-0.3131,-0.9497
2026-07-21,112.96,,,,,,-0.3294,-0.9442
2026-07-22,100.43,,,,,,-0.3456,-0.9384
2026-07-23,117.65,,,,,,-0.3617,-0.9323
2026-07-24,130.53,,,,,,-0.3777,-0.9259
2026-07-25,91.12,,,,,,-0.3936,-0.9193
2026-07-26,90.17,,,,,,-0.4094,-0.9124
2026-07-27,77.09,,,,,,-0.425,-0.9052
2026-07-28,116.82,,,,,,-0.4405,-0.8977
2026-07-29,126.84,,,,,,-0.4559,-0.89
2026-07-30,121.33,,,,,,-0.4712,-0.882
2026-07-31,148.59,,,,,,-0.4863,-0.8738
2026-08-01,119.74,,,,,,-0.5012,-0.8653
2026-08-03,128.09,,,,,,-0.5307,-0.8475
2026-08-04,149.79,,,,,,-0.5452,-0.8383
2026-08-05,110.52,,,,,,-0.5596,-0.8288
2026-08-06,99.51,,,,,,-0.5738,-0.819
2026-08-07,122.08,,,,,,-0.5878,-0.809
2026-08-08,99.09,,,,,,-0.6016,-0.7988
2026-08-09,94.47,,,,,,-0.6153,-0.7883
2026-08-11,110.38,,,,,,-0.6421,-0.7667
2026-08-12,138.4,,,,,,-0.6552,-0.7555
2026-08-13,147.07,,,,,,-0.6681,-0.7441
2026-08-14,140.33,,,,,,-0.6808,-0.7325
2026-08-15,120.1,,,,,,-0.6933,-0.7207
2026-08-16,138.07,,,,,,-0.7056,-0.7086
2026-08-17,176.73,,,,,,-0.7177,-0.6964
2026-08-18,163.93,,,,,,-0.7296,-0.6839
2026-08-19,166.03,,,,,,-0.7412,-0.6713
2026-08-20,148.22,,,,,,-0.7527,-0.6584
2026-08-21,169.56,,,,,,-0.7639,-0.6453
