date,storage_de_mcm,storage_uk_mcm
2019-12-25,22397.1,1185.2
2019-12-26,22406.1,1416.6
2019-12-27,22395.8,1429.3
2019-12-28,22374.6,1444.2
2019-12-29,22347.0,1452.6
2019-12-30,22312.5,1447.7
2019-12-31,22293.7,1436.9
2020-01-01,22241.0,1472.4
2020-01-02,22158.8,1507.6
2020-01-03,22100.6,1519.8
2020-01-04,22065.0,1523.1
2020-01-05,22026.2,1530.7
2020-01-06,21953.0,1520.0
2020-01-07,21874.9,1523.8
2020-01-08,21789.2,1516.2
2020-01-09,21752.2,1469.0
2020-01-10,21717.2,1424.4
2020-01-11,21672.0,1403.7
2020-01-12,21615.1,1394.7
2020-01-13,21556.9,1384.9
2020-01-14,21514.8,1357.5
2020-01-15,21464.3,1372.0
2020-01-16,21411.2,1352.1
2020-01-17,21356.3,1339.5
2020-01-18,21294.8,1321.6
2020-01-19,21209.8,1281.2
2020-01-20,21067.8,1242.0
2020-01-21,20915.0,1189.9
2020-01-22,20777.2,1145.2
2020-01-23,20629.1,1121.6
2020-01-24,20474.1,1104.2
2020-01-25,20363.9,1089.5
2020-01-26,20277.9,1090.4
2020-01-27,20192.9,1057.5
2020-01-28,20071.2,1013.5
2020-01-29,19960.5,1054.8
2020-01-30,19862.1,990.7
2020-01-31,19829.4,986.3
2020-02-01,19822.3,995.5
2020-02-02,19813.3,999.9
2020-02-03,19758.1,975.6
2020-02-04,19667.8,948.3
2020-02-05,19556.5,912.5
2020-02-06,19389.6,880.7
2020-02-07,19296.1,865.2
2020-02-08,19218.3,873.3
2020-02-09,19190.7,879.5
2020-02-10,19147.2,851.3
2020-02-11,19082.7,821.7
2020-02-12,18997.6,802.9
2020-02-13,18911.6,767.1
2020-02-14,18858.5,744.4
2020-02-15,18842.0,740.3
2020-02-16,18842.6,734.5
2020-02-17,18803.4,698.1
2020-02-18,18749.4,650.8
2020-02-19,18702.5,602.6
2020-02-20,18653.8,568.6
2020-02-21,18608.3,560.4
2020-02-22,18589.6,556.7
2020-02-23,18577.0,555.9
2020-02-24,18526.4,543.0
2020-02-25,18484.9,533.8
2020-02-26,18392.7,490.9
2020-02-27,18258.1,453.0
2020-02-28,18186.3,453.1
2020-02-29,18177.7,480.3
2020-03-01,18142.6,497.2
2020-03-02,18021.4,474.3
2020-03-03,17966.3,432.3
2020-03-04,17895.8,403.6
2020-03-05,17811.0,365.2
2020-03-06,17758.3,353.5
2020-03-07,17720.0,370.0
2020-03-08,17713.6,397.3
2020-03-09,17665.7,397.7
2020-03-10,17629.6,400.3
2020-03-11,17617.8,406.0
2020-03-12,17611.6,407.9
2020-03-13,17574.7,392.2
2020-03-14,17527.5,410.8
2020-03-15,17514.1,414.6
2020-03-16,17492.7,417.1
2020-03-17,17470.6,415.8
2020-03-18,17456.3,399.5
2020-03-19,17422.7,378.4
2020-03-20,17388.0,391.2
2020-03-21,17358.8,399.7
2020-03-22,17325.4,409.3
2020-03-23,17245.0,414.9
2020-03-24,17176.4,427.0
2020-03-25,17096.2,414.9
2020-03-26,17024.1,394.4
2020-03-27,16990.2,381.3
2020-03-28,17000.0,382.0
2020-03-29,16983.5,368.3
2020-03-30,16897.6,336.6
2020-03-31,16623.3,312.6
2020-04-01,16794.9,291.7
2020-04-02,16757.3,289.3
2020-04-03,16734.3,282.6
2020-04-04,16750.9,280.9
2020-04-05,16789.1,310.3
2020-04-06,16828.6,335.6
2020-04-07,16865.6,364.8
2020-04-08,16905.1,396.6
2020-04-09,16952.3,451.5
2020-04-10,17014.7,494.6
2020-04-11,17087.7,553.6
2020-04-12,17279.1,614.6
2020-04-13,17340.8,625.6
2020-04-14,17341.0,630.9
2020-04-15,17347.1,649.1
2020-04-16,17380.4,678.4
2020-04-17,17418.4,701.6
2020-04-18,17512.1,704.1
2020-04-19,17604.6,741.7
2020-04-20,17663.2,780.7
2020-04-21,17722.8,813.6
2020-04-22,17784.6,821.7
2020-04-23,17829.6,831.4
2020-04-24,17888.9,853.9
2020-04-25,17960.9,880.6
2020-04-26,18022.4,911.2
2020-04-27,18053.7,921.7
2020-04-28,18084.8,903.5
2020-04-29,18134.7,901.9
2020-04-30,18194.4,910.1
2020-05-01,18272.4,888.1
2020-05-02,18339.5,878.2
2020-05-03,18401.7,862.3
2020-05-04,18441.6,872.7
2020-05-05,18465.3,873.4
2020-05-06,18486.8,861.4
2020-05-07,18528.0,866.0
2020-05-08,18609.3,883.1
2020-05-09,18722.6,911.2
2020-05-10,18843.7,930.8
2020-05-11,18903.2,926.3
2020-05-12,18877.8,911.2
2020-05-13,18882.5,881.0
2020-05-14,18893.8,853.9
2020-05-15,18914.0,842.9
2020-05-16,18972.6,837.0
2020-05-17,19051.8,841.0
2020-05-18,19111.6,838.0
2020-05-19,19146.0,833.6
2020-05-20,19184.1,787.7
2020-05-21,19252.5,793.2
2020-05-22,19344.4,827.1
2020-05-23,19437.0,851.1
2020-05-24,19499.3,874.0
2020-05-25,19547.0,898.0
2020-05-26,19579.8,897.6
2020-05-27,19584.2,886.0
2020-05-28,19573.6,887.8
2020-05-29,19583.7,903.4
2020-05-30,19639.4,926.7
2020-05-31,19692.2,946.8
2020-06-01,19749.6,956.6
2020-06-02,19782.9,951.7
2020-06-03,19809.5,957.6
2020-06-04,19835.9,953.2
2020-06-05,19852.4,965.5
2020-06-06,19902.4,988.5
2020-06-07,19946.7,1009.6
2020-06-08,19961.2,998.6
2020-06-09,19972.0,978.0
2020-06-10,19972.9,964.7
2020-06-11,20000.9,966.9
2020-06-12,20041.5,967.6
2020-06-13,20105.1,984.6
2020-06-14,20179.4,999.3
2020-06-15,20211.4,1003.5
2020-06-16,20230.5,980.2
2020-06-17,20246.7,965.6
2020-06-18,20261.9,946.8
2020-06-19,20284.0,945.8
2020-06-20,20338.0,978.1
2020-06-21,20401.5,1018.8
2020-06-22,20431.0,1038.9
2020-06-23,20455.9,1032.6
2020-06-24,20473.2,1032.6
2020-06-25,20494.2,1037.2
2020-06-26,20521.2,1042.2
2020-06-27,20570.9,1077.4
2020-06-28,20622.0,1108.7
2020-06-29,20650.8,1121.1
2020-06-30,20683.1,1125.5
2020-07-01,20707.3,1129.8
2020-07-02,20716.7,1135.3
2020-07-03,20778.7,1155.9
2020-07-04,20854.3,1186.8
2020-07-05,20937.5,1222.3
2020-07-06,20942.1,1238.0
2020-07-07,20938.7,1227.8
2020-07-08,20933.8,1211.2
2020-07-09,20914.7,1205.4
2020-07-10,20925.2,1214.0
2020-07-11,20955.8,1229.0
2020-07-12,21004.4,1259.1
2020-07-13,21032.4,1265.6
2020-07-14,20989.2,1259.1
2020-07-15,20951.8,1251.1
2020-07-16,20902.0,1257.1
2020-07-17,20872.2,1257.2
2020-07-18,20839.1,1273.8
2020-07-19,20810.0,1294.8
2020-07-20,20758.8,1291.8
2020-07-21,20691.1,1276.5
2020-07-22,20624.2,1277.9
2020-07-23,20556.8,1275.1
2020-07-24,20495.1,1270.3
2020-07-25,20455.1,1286.3
2020-07-26,20511.5,1307.9
2020-07-27,20540.3,1308.8
2020-07-28,20570.1,1308.8
2020-07-29,20604.7,1297.1
2020-07-30,20617.2,1289.1
2020-07-31,20642.3,1286.8
2020-08-01,20694.2,1297.0
2020-08-02,20750.1,1306.3
2020-08-03,20776.1,1291.0
2020-08-04,20795.6,1305.6
2020-08-05,20832.5,1315.4
2020-08-06,20857.6,1306.5
2020-08-07,20896.8,1296.5
2020-08-08,20958.0,1319.6
2020-08-09,21016.2,1346.9
2020-08-10,21054.8,1343.7
2020-08-11,21078.1,1337.2
2020-08-12,21105.2,1332.6
2020-08-13,21144.9,1325.6
2020-08-14,21180.0,1331.8
2020-08-15,21226.4,1353.7
2020-08-16,21277.0,1368.8
2020-08-17,21313.1,1368.2
2020-08-18,21340.3,1358.8
2020-08-19,21361.3,1351.1
2020-08-20,21387.3,1350.1
2020-08-21,21430.4,1364.4
2020-08-22,21495.6,1388.9
2020-08-23,21549.4,1390.9
2020-08-24,21557.0,1359.2
2020-08-25,21578.3,1361.9
2020-08-26,21613.6,1361.8
2020-08-27,21625.8,1343.9
2020-08-28,21634.5,1339.2
2020-08-29,21646.7,1331.6
2020-08-30,21660.2,1319.9
2020-08-31,21651.2,1288.5
2020-09-01,21649.3,1288.9
2020-09-02,21664.1,1278.7
2020-09-03,21689.6,1284.0
2020-09-04,21714.1,1287.0
2020-09-05,21761.9,1302.1
2020-09-06,21802.1,1293.2
2020-09-07,21819.5,1278.8
2020-09-08,21832.8,1272.7
2020-09-09,21855.0,1263.5
2020-09-10,21872.3,1237.1
2020-09-11,21875.2,1219.5
2020-09-12,21918.2,1240.7
2020-09-13,21966.5,1258.7
2020-09-14,21984.7,1253.9
2020-09-15,22007.0,1243.1
2020-09-16,22016.4,1246.8
2020-09-17,21968.5,1248.6
2020-09-18,21995.8,1254.9
2020-09-19,22037.3,1276.2
2020-09-20,22076.7,1281.9
2020-09-21,22086.6,1253.7
2020-09-22,22099.9,1244.2
2020-09-23,22104.2,1226.1
2020-09-24,22124.1,1200.9
2020-09-25,22136.7,1172.8
2020-09-26,22129.7,1163.2
2020-09-27,22119.7,1146.3
2020-09-28,22087.8,1081.7
2020-09-29,22060.5,1084.1
2020-09-30,22018.1,1076.3
2020-10-01,22029.1,1095.5
2020-10-02,22043.4,1112.6
2020-10-03,22090.3,1149.5
2020-10-04,22130.1,1179.2
2020-10-05,22132.0,1189.3
2020-10-06,22134.7,1212.0
2020-10-07,22139.8,1228.9
2020-10-08,22144.8,1238.9
2020-10-09,22148.3,1251.3
2020-10-10,22171.6,1282.0
2020-10-11,22194.3,1304.4
2020-10-12,22186.3,1302.9
2020-10-13,22170.9,1297.1
2020-10-14,22155.1,1299.6
2020-10-15,22129.4,1283.0
2020-10-16,22108.9,1278.0
2020-10-17,22085.4,1278.1
2020-10-18,22079.7,1280.2
2020-10-19,22052.6,1290.2
2020-10-20,22033.8,1308.0
2020-10-21,22028.7,1317.1
2020-10-22,22030.0,1329.7
2020-10-23,22022.7,1339.7
2020-10-24,22042.4,1372.3
2020-10-25,22068.8,1401.2
2020-10-26,22046.0,1411.3
2020-10-27,21992.3,1382.5
2020-10-28,22017.5,1375.6
2020-10-29,21992.4,1366.9
2020-10-30,21990.5,1370.9
2020-10-31,22024.6,1408.9
2020-11-01,22068.5,1452.9
2020-11-02,22053.4,1472.3
2020-11-03,22055.2,1458.8
2020-11-04,22015.3,1440.4
2020-11-05,21960.8,1423.8
2020-11-06,21934.2,1416.0
2020-11-07,21932.6,1406.4
2020-11-08,21931.9,1409.5
2020-11-09,21971.9,1405.8
2020-11-10,21891.5,1406.9
2020-11-11,21852.2,1386.9
2020-11-12,21828.8,1404.6
2020-11-13,21807.2,1399.7
2020-11-14,21819.0,1424.6
2020-11-15,21839.7,1444.1
2020-11-16,21831.1,1438.8
2020-11-17,21808.7,1451.4
2020-11-18,21806.6,1466.1
2020-11-19,21799.4,1440.5
2020-11-20,21738.0,1439.8
2020-11-21,21708.6,1450.5
2020-11-22,21674.7,1445.3
2020-11-23,21610.9,1435.5
2020-11-24,21535.3,1448.5
2020-11-25,21415.8,1442.1
2020-11-26,21275.9,1419.1
2020-11-27,21144.8,1381.4
2020-11-28,21037.2,1381.1
2020-11-29,20906.2,1399.2
2020-11-30,20742.4,1415.7
2020-12-01,20552.7,1410.5
2020-12-02,20346.7,1414.3
2020-12-03,20165.6,1408.5
2020-12-04,20017.2,1404.1
2020-12-05,19891.4,1408.8
2020-12-06,19779.9,1398.6
2020-12-07,19619.0,1377.2
2020-12-08,19485.6,1366.7
2020-12-09,19305.0,1362.5
2020-12-10,19111.9,1365.9
2020-12-11,18953.0,1367.7
2020-12-12,18848.5,1362.1
2020-12-13,18769.2,1375.1
2020-12-14,18670.4,1381.6
2020-12-15,18538.6,1384.3
2020-12-16,18452.8,1385.6
2020-12-17,18381.8,1383.3
2020-12-18,18306.8,1414.3
2020-12-19,18264.7,1437.5
2020-12-20,18214.6,1440.1
2020-12-21,18129.3,1450.0
2020-12-22,18091.5,1452.6
2020-12-23,18055.2,1471.2
2020-12-24,18020.2,1462.9
2020-12-25,17959.6,1456.9
2020-12-26,17888.7,1474.3
2020-12-27,17806.4,1464.0
2020-12-28,17691.1,1413.7
2020-12-29,17565.0,1378.4
2020-12-30,17426.9,1348.8
2020-12-31,17304.4,1313.9
2021-01-01,17196.3,1297.0
2021-01-02,17076.4,1277.0
2021-01-03,16941.1,1265.6
2021-01-04,16733.7,1235.1
2021-01-05,16494.8,1199.8
2021-01-06,16274.7,1163.9
2021-01-07,16002.6,1105.0
2021-01-08,15731.4,1045.5
2021-01-09,15482.1,1010.2
2021-01-10,15246.3,999.2
2021-01-11,14977.6,999.3
2021-01-12,14700.2,1002.0
2021-01-13,14425.5,994.6
2021-01-14,14125.2,989.5
2021-01-15,13817.8,964.0
2021-01-16,13546.7,1002.7
2021-01-17,13309.2,1043.9
2021-01-18,13034.8,1049.7
2021-01-19,12812.9,1081.9
2021-01-20,12647.6,1084.6
2021-01-21,12534.0,1074.5
2021-01-22,12379.3,1062.0
2021-01-23,12198.2,1046.6
2021-01-24,12007.0,1003.9
2021-01-25,11739.1,978.4
2021-01-26,11485.6,954.8
2021-01-27,11111.2,955.1
2021-01-28,11061.1,971.1
2021-01-29,10896.5,998.2
2021-01-30,10730.6,1017.1
2021-01-31,10535.4,1013.3
2021-02-01,10346.6,988.9
2021-02-02,10210.6,982.9
2021-02-03,10130.9,985.4
2021-02-04,10023.8,974.1
2021-02-05,9920.1,961.2
2021-02-06,9833.1,962.8
2021-02-07,9700.6,940.4
2021-02-08,9476.2,880.7
2021-02-09,9209.2,828.6
2021-02-10,8923.5,767.3
2021-02-11,8673.5,709.2
2021-02-12,8415.2,619.6
2021-02-13,8193.6,565.8
2021-02-14,7996.5,512.4
2021-02-15,7771.5,489.4
2021-02-16,7677.0,465.8
2021-02-17,7629.4,460.5
2021-02-18,7583.7,441.5
2021-02-19,7542.0,425.7
2021-02-20,7522.3,451.5
2021-02-21,7512.3,462.7
2021-02-22,7462.1,450.0
2021-02-23,7431.7,449.6
2021-02-24,7431.2,464.9
2021-02-25,7415.5,464.2
2021-02-26,7401.8,452.6
2021-02-27,7391.0,439.6
2021-02-28,7363.9,420.9
2021-03-01,7276.3,380.1
2021-03-02,7210.9,338.3
2021-03-03,7131.4,288.4
2021-03-04,7065.8,258.0
2021-03-05,6977.9,243.8
2021-03-06,6908.7,220.8
2021-03-07,6840.4,202.8
2021-03-08,6729.1,185.1
2021-03-09,6620.3,184.2
2021-03-10,6550.7,180.4
2021-03-11,6506.8,200.9
2021-03-12,6486.6,219.7
2021-03-13,6482.7,233.9
2021-03-14,6455.1,248.5
2021-03-15,6447.1,259.9
2021-03-16,6391.9,281.3
2021-03-17,6325.5,266.1
2021-03-18,6239.0,261.4
2021-03-19,6175.5,260.7
2021-03-20,6127.6,284.2
2021-03-21,6102.6,278.1
2021-03-22,6033.3,276.5
2021-03-23,5976.3,304.0
2021-03-24,5948.3,317.6
2021-03-25,5938.2,353.4
2021-03-26,5962.7,383.8
2021-03-27,5995.8,412.6
2021-03-28,6028.6,441.6
2021-03-29,5988.3,490.6
2021-03-30,6096.7,537.1
2021-03-31,6147.4,587.5
2021-04-01,6209.6,578.3
2021-04-02,6240.0,575.8
2021-04-03,6289.3,567.0
2021-04-04,6339.8,600.0
2021-04-05,6341.5,595.5
2021-04-06,6275.2,540.7
2021-04-07,6200.6,461.6
2021-04-08,6114.3,425.9
2021-04-09,6070.9,399.4
2021-04-10,6063.1,364.7
2021-04-11,6065.9,322.8
2021-04-12,5970.0,270.5
2021-04-13,5846.4,238.8
2021-04-14,5731.3,203.9
2021-04-15,5643.2,169.2
2021-04-16,5605.9,147.0
2021-04-17,5595.6,150.2
2021-04-18,5597.2,145.7
2021-04-19,5582.6,157.0
2021-04-20,5590.4,168.8
2021-04-21,5613.2,174.2
2021-04-22,5620.1,174.2
2021-04-23,5628.2,189.3
2021-04-24,5667.5,215.5
2021-04-25,5717.7,220.6
2021-04-26,5751.6,209.2
2021-04-27,5796.8,176.3
2021-04-28,5828.4,162.5
2021-04-29,5837.5,136.0
2021-04-30,5819.4,117.4
2021-05-01,5829.9,113.6
2021-05-02,5837.7,116.9
2021-05-03,5810.3,126.3
2021-05-04,5814.7,118.1
2021-05-05,5779.8,105.6
2021-05-06,5717.7,87.3
2021-05-07,5686.1,79.9
2021-05-08,5715.5,80.7
2021-05-09,5815.1,101.7
2021-05-10,5912.2,112.3
2021-05-11,5986.2,116.5
2021-05-12,6048.3,118.3
2021-05-13,6114.1,111.0
2021-05-14,6166.8,104.1
2021-05-15,6228.1,114.8
2021-05-16,6291.1,132.7
2021-05-17,6317.6,151.7
2021-05-18,6336.7,166.8
2021-05-19,6356.8,166.5
2021-05-20,6415.6,161.3
2021-05-21,6501.3,157.5
2021-05-22,6566.8,149.4
2021-05-23,6638.8,161.7
2021-05-24,6707.4,151.8
2021-05-25,6733.3,141.1
2021-05-26,6757.4,124.1
2021-05-27,6764.0,122.4
2021-05-28,6792.7,122.5
2021-05-29,6873.8,118.9
2021-05-30,6975.7,129.9
2021-05-31,7057.0,151.3
2021-06-01,7164.3,180.2
2021-06-02,7284.6,210.9
2021-06-03,7400.6,217.7
2021-06-04,7507.1,231.8
2021-06-05,7631.3,258.2
2021-06-06,7753.7,280.3
2021-06-07,7826.7,313.4
2021-06-08,7893.4,327.0
2021-06-09,7930.6,330.5
2021-06-10,7986.7,334.7
2021-06-11,8049.8,357.6
2021-06-12,8143.8,352.6
2021-06-13,8242.4,360.2
2021-06-14,8320.8,356.3
2021-06-15,8370.8,348.9
2021-06-16,8426.9,322.9
2021-06-17,8499.9,323.9
2021-06-18,8587.9,325.4
2021-06-19,8701.4,319.7
2021-06-20,8804.2,310.9
2021-06-21,8894.1,293.0
2021-06-22,8935.1,275.1
2021-06-23,8981.4,254.6
2021-06-24,9029.9,244.0
2021-06-25,9090.2,234.1
2021-06-26,9178.9,231.9
2021-06-27,9280.2,241.2
2021-06-28,9350.3,244.7
2021-06-29,9423.9,251.6
2021-06-30,9487.2,242.3
2021-07-01,9571.3,233.8
2021-07-02,9629.4,225.8
2021-07-03,9738.3,248.5
2021-07-04,9844.9,282.4
2021-07-05,9935.1,301.1
2021-07-06,9991.4,308.9
2021-07-07,10032.0,307.6
2021-07-08,10065.0,292.5
2021-07-09,10134.2,290.4
2021-07-10,10227.3,303.2
2021-07-11,10322.6,334.6
2021-07-12,10388.5,333.2
2021-07-13,10401.0,332.3
2021-07-14,10407.0,350.7
2021-07-15,10410.8,366.1
2021-07-16,10465.7,381.0
2021-07-17,10518.2,402.3
2021-07-18,10570.9,426.6
2021-07-19,10605.2,435.1
2021-07-20,10632.4,418.6
2021-07-21,10642.2,411.8
2021-07-22,10645.0,397.1
2021-07-23,10722.1,395.7
2021-07-24,10830.1,396.2
2021-07-25,10918.4,370.7
2021-07-26,10993.6,379.7
2021-07-27,11077.1,366.3
2021-07-28,11165.2,384.4
2021-07-29,11249.5,419.0
2021-07-30,11324.7,448.0
2021-07-31,11405.9,485.5
2021-08-01,11492.9,510.9
2021-08-02,11573.6,516.3
2021-08-03,11632.3,526.4
2021-08-04,11703.3,532.9
2021-08-05,11766.9,578.5
2021-08-06,11873.1,617.0
2021-08-07,11961.8,659.1
2021-08-08,12044.4,701.0
2021-08-09,12104.7,709.0
2021-08-10,12161.9,720.5
2021-08-11,12212.5,751.7
2021-08-12,12257.7,788.7
2021-08-13,12322.3,708.8
2021-08-14,12410.3,873.2
2021-08-15,12490.2,908.0
2021-08-16,12537.2,908.6
2021-08-17,12593.1,963.5
2021-08-18,12640.2,970.2
2021-08-19,12686.8,982.0
2021-08-20,12755.0,961.0
2021-08-21,12835.8,998.0
2021-08-22,12920.5,1016.7
2021-08-23,13008.0,886.2
2021-08-24,13092.9,1052.2
2021-08-25,13171.6,1069.8
2021-08-26,13256.2,1096.0
2021-08-27,13346.3,951.5
2021-08-28,13441.8,1145.9
2021-08-29,13533.7,1187.5
2021-08-30,13615.9,1212.2
2021-08-31,13668.9,1048.0
2021-09-01,13733.5,1239.4
2021-09-02,13779.2,1233.3
2021-09-03,13832.6,1224.3
2021-09-04,13905.4,1231.5
2021-09-05,13981.8,1246.0
2021-09-06,14034.6,1246.9
2021-09-07,14078.6,1256.6
2021-09-08,14145.5,1251.6
2021-09-09,14218.7,1243.8
2021-09-10,14282.9,1252.5
2021-09-11,14362.3,1272.6
2021-09-12,14446.9,1282.2
2021-09-13,14501.1,1281.1
2021-09-14,14541.1,1248.6
2021-09-15,14574.4,1254.6
2021-09-16,14608.6,1281.4
2021-09-17,14647.4,1297.7
2021-09-18,14718.3,1313.8
2021-09-19,14787.3,1326.7
2021-09-20,14819.3,1316.6
2021-09-21,14855.1,1319.8
2021-09-22,14885.1,951.1
2021-09-23,14956.0,1351.2
2021-09-24,15043.1,1374.2
2021-09-25,15148.1,1370.9
2021-09-26,15283.4,1424.9
2021-09-27,15386.3,1436.4
2021-09-28,15480.6,1429.5
2021-09-29,15566.6,1430.8
2021-09-30,15670.6,1406.9
2021-10-01,15763.9,1413.5
2021-10-02,15897.7,1430.1
2021-10-03,16029.2,1451.0
2021-10-04,16102.0,1447.3
2021-10-05,16166.3,1440.2
2021-10-06,16216.5,1426.4
2021-10-07,16209.6,1432.4
2021-10-08,16254.6,1434.5
2021-10-09,16342.0,1448.3
2021-10-10,16399.9,1468.0
2021-10-11,16424.4,1464.8
2021-10-12,16430.4,1465.1
2021-10-13,16412.9,1472.6
2021-10-14,16429.6,1473.9
2021-10-15,16456.3,1464.0
2021-10-16,16486.7,1460.7
2021-10-17,16520.2,1474.4
2021-10-18,16542.2,1470.6
2021-10-19,16558.9,1487.1
2021-10-20,16614.7,1486.4
2021-10-21,16656.1,1480.2
2021-10-22,16604.5,1469.5
2021-10-23,16597.4,1466.0
2021-10-24,16596.1,1482.7
2021-10-25,16563.2,1470.1
2021-10-26,16554.4,1462.4
2021-10-27,16637.0,1477.5
2021-10-28,16644.1,1476.2
2021-10-29,16649.9,1488.2
2021-10-30,16684.4,1503.8
2021-10-31,16701.9,1517.1
2021-11-01,16730.7,1528.4
2021-11-02,16684.4,1516.5
2021-11-03,16605.8,1503.9
2021-11-04,16544.9,1486.2
2021-11-05,16496.4,1465.4
2021-11-06,16508.9,1496.7
2021-11-07,16523.8,1518.0
2021-11-08,16458.5,1523.5
2021-11-09,16414.3,1526.1
2021-11-10,16360.9,1516.9
2021-11-11,16294.4,1511.0
2021-11-12,16209.0,1514.5
2021-11-13,16207.0,1515.3
2021-11-14,16226.8,1527.2
2021-11-15,16182.5,1517.9
2021-11-16,16107.7,1516.4
2021-11-17,16077.5,1522.8
2021-11-18,16069.7,1531.0
2021-11-19,16095.8,1533.8
2021-11-20,16124.5,1546.7
2021-11-21,16137.4,1540.0
2021-11-22,16072.6,1539.4
2021-11-23,15950.5,1538.0
2021-11-24,15812.7,1531.1
2021-11-25,15666.8,1526.8
2021-11-26,15539.2,1518.1
2021-11-27,15429.6,1491.1
2021-11-28,15321.7,1445.4
2021-11-29,15154.9,1403.5
2021-11-30,15036.3,1409.4
2021-12-01,14930.5,1426.2
2021-12-02,14814.4,1412.4
2021-12-03,14681.2,1416.2
2021-12-04,14590.1,1440.8
2021-12-05,14505.1,1445.4
2021-12-06,14363.1,1439.3
2021-12-07,14225.7,1419.0
2021-12-08,14088.7,1401.6
2021-12-09,13935.5,1400.7
2021-12-10,13794.3,1395.0
2021-12-11,13709.5,1389.0
2021-12-12,13664.5,1423.9
2021-12-13,13588.4,1421.4
2021-12-14,13496.1,1436.5
2021-12-15,13417.0,1445.6
2021-12-16,13349.6,1365.9
2021-12-17,13262.6,1432.2
2021-12-18,13206.1,1420.8
2021-12-19,13147.0,1393.5
2021-12-20,12989.0,1353.5
2021-12-21,12781.6,1325.1
2021-12-22,12575.8,1283.0
2021-12-23,12426.0,1275.3
2021-12-24,12345.5,1296.4
2021-12-25,12309.7,1321.5
2021-12-26,12260.2,1340.6
2021-12-27,12226.7,1342.2
2021-12-28,12205.4,1345.5
2021-12-29,12235.3,1360.0
2021-12-30,12281.6,1390.1
2021-12-31,12457.8,1429.3
2022-01-01,12551.9,1454.2
2022-01-02,12619.7,1487.9
2022-01-03,12641.5,1489.1
2022-01-04,12615.3,1478.8
2022-01-05,12512.1,1459.2
2022-01-06,12386.0,1447.7
2022-01-07,12258.1,1442.8
2022-01-08,12165.5,1465.9
2022-01-09,12068.0,1456.9
2022-01-10,11868.2,1444.1
2022-01-11,11640.5,1445.2
2022-01-12,11429.4,1428.0
2022-01-13,11228.2,1401.4
2022-01-14,11034.2,1367.2
2022-01-15,10899.4,1325.9
2022-01-16,10795.9,1316.8
2022-01-17,10654.0,1281.6
2022-01-18,10465.3,1223.1
2022-01-19,10304.2,1199.0
2022-01-20,10129.7,1153.7
2022-01-21,9924.7,1126.5
2022-01-22,9778.7,1115.5
2022-01-23,9648.4,1102.9
2022-01-24,9442.8,1065.7
2022-01-25,9226.2,1034.6
2022-01-26,9036.2,1038.4
2022-01-27,8888.6,1030.0
2022-01-28,8737.3,1021.7
2022-01-29,8683.8,1052.9
2022-01-30,8632.4,1054.5
2022-01-31,8507.5,1051.0
2022-02-01,8413.6,1077.2
2022-02-02,8318.0,1090.7
2022-02-03,8244.3,1113.1
2022-02-04,8193.4,1125.4
2022-02-05,8168.6,1142.4
2022-02-06,8143.0,1169.8
2022-02-07,8064.6,1166.0
2022-02-08,7992.4,1178.4
2022-02-09,7930.9,1181.2
2022-02-10,7830.7,1160.9
2022-02-11,7730.2,1132.6
2022-02-12,7663.7,1135.5
2022-02-13,7616.9,1140.2
2022-02-14,7561.7,1120.7
2022-02-15,7501.8,1103.7
2022-02-16,7439.5,1116.0
2022-02-17,7391.0,1111.4
2022-02-18,7339.9,1094.0
2022-02-19,7232.1,1059.3
2022-02-20,7191.3,1064.9
2022-02-21,7118.9,1041.9
2022-02-22,7030.6,1051.0
2022-02-23,6968.9,1050.9
2022-02-24,6932.8,1042.7
2022-02-25,6851.2,1041.5
2022-02-26,6788.1,1049.7
2022-02-27,6740.9,1059.5
2022-02-28,6634.5,1053.4
2022-03-01,6503.8,1023.7
2022-03-02,6383.5,1000.3
2022-03-03,6282.1,976.0
2022-03-04,6238.3,953.0
2022-03-05,6123.8,942.3
2022-03-06,6061.4,930.3
2022-03-07,5931.3,901.2
2022-03-08,5821.7,875.7
2022-03-09,5748.4,861.7
2022-03-10,5769.5,852.9
2022-03-11,5765.2,841.1
2022-03-12,5793.8,861.4
2022-03-13,5835.2,873.9
2022-03-14,5819.0,860.4
2022-03-15,5791.5,850.4
2022-03-16,5780.6,832.2
2022-03-17,5755.0,830.4
2022-03-18,5733.5,820.7
2022-03-19,5779.3,843.5
2022-03-20,5817.2,838.3
2022-03-21,5805.5,827.6
2022-03-22,5823.3,814.7
2022-03-23,5853.4,812.1
2022-03-24,5904.5,807.7
2022-03-25,5972.2,805.9
2022-03-26,6076.1,822.9
2022-03-27,6152.9,829.0
2022-03-28,6205.6,836.5
2022-03-29,6256.2,826.1
2022-03-30,6288.1,823.7
2022-03-31,6234.6,808.2
2022-04-01,6253.3,769.2
2022-04-02,6248.9,743.5
2022-04-03,6242.3,744.0
2022-04-04,6206.5,750.6
2022-04-05,6211.1,769.6
2022-04-06,6271.4,784.8
2022-04-07,6342.9,778.8
2022-04-08,6404.5,753.0
2022-04-09,6472.3,734.5
2022-04-10,6544.0,732.7
2022-04-11,6585.3,734.4
2022-04-12,6655.0,712.1
2022-04-13,6745.8,702.7
2022-04-14,6837.5,722.6
2022-04-15,6929.9,759.1
2022-04-16,7034.8,828.1
2022-04-17,7146.1,902.6
2022-04-18,7244.0,950.8
2022-04-19,7324.2,973.8
2022-04-20,7377.0,981.6
2022-04-21,7438.4,1007.6
2022-04-22,7513.2,1016.9
2022-04-23,7619.9,1036.5
2022-04-24,7725.7,1050.1
2022-04-25,7767.6,1066.6
2022-04-26,7799.0,1076.3
2022-04-27,7823.7,1073.6
2022-04-28,7886.1,1057.7
2022-04-29,7945.4,1042.5
2022-04-30,8017.0,1063.9
2022-05-01,8157.0,1084.4
2022-05-02,8249.4,1094.5
2022-05-03,8335.7,1092.5
2022-05-04,8438.4,1104.1
2022-05-05,8535.1,1113.0
2022-05-06,8600.1,1116.9
2022-05-07,8714.5,1111.5
2022-05-08,8823.2,1119.5
2022-05-09,8902.3,1131.9
2022-05-10,8954.7,1148.3
2022-05-11,9032.9,1152.0
2022-05-12,9081.9,1153.4
2022-05-13,9187.3,1164.2
2022-05-14,9329.5,1162.6
2022-05-15,9478.2,1168.7
2022-05-16,9578.6,1166.2
2022-05-17,9673.7,1172.4
2022-05-18,9776.4,1190.5
2022-05-19,9872.8,1194.5
2022-05-20,9967.6,1204.9
2022-05-21,10129.8,1215.9
2022-05-22,10288.6,1223.1
2022-05-23,10409.3,1207.2
2022-05-24,10496.8,1179.5
2022-05-25,10601.6,1186.3
2022-05-26,10712.6,1203.7
2022-05-27,10835.8,1228.5
2022-05-28,10948.6,1236.9
2022-05-29,11054.8,1247.2
2022-05-30,11104.2,1239.3
2022-05-31,11142.6,1237.2
2022-06-01,11216.8,1234.4
2022-06-02,11315.0,1242.9
2022-06-03,11431.7,1262.6
2022-06-04,11584.7,1291.6
2022-06-05,11736.9,1303.2
2022-06-06,11885.0,1299.2
2022-06-07,11986.8,1296.2
2022-06-08,12051.6,1275.4
2022-06-09,12108.9,1303.1
2022-06-10,12192.1,1354.1
2022-06-11,12334.9,1367.9
2022-06-12,12489.3,1364.0
2022-06-13,12563.8,1327.7
2022-06-14,12654.2,1287.6
2022-06-15,12735.3,1282.9
2022-06-16,12818.4,1285.1
2022-06-17,12910.6,1323.2
2022-06-18,13027.4,1362.2
2022-06-19,13145.0,1397.4
2022-06-20,13215.6,1403.1
2022-06-21,13288.2,1380.9
2022-06-22,13352.1,1345.0
2022-06-23,13421.6,1318.1
2022-06-24,13482.6,1307.4
2022-06-25,13569.8,1334.7
2022-06-26,13640.4,1374.9
2022-06-27,13692.6,1372.0
2022-06-28,13730.3,1382.2
2022-06-29,13759.5,1377.5
2022-06-30,13802.9,1360.3
2022-07-01,13872.2,1355.1
2022-07-02,13959.9,1363.6
2022-07-03,14051.3,1375.2
2022-07-04,14125.1,1380.6
2022-07-05,14190.3,1366.2
2022-07-06,14248.9,1377.5
2022-07-07,14309.0,1366.2
2022-07-08,14364.5,1364.5
2022-07-09,14453.3,1379.0
2022-07-10,14554.9,1390.1
2022-07-11,14581.6,1356.5
2022-07-12,14565.1,1315.8
2022-07-13,14566.2,1270.3
2022-07-14,14584.7,1256.2
2022-07-15,14595.4,1252.2
2022-07-16,14641.9,1272.8
2022-07-17,14695.7,1302.1
2022-07-18,14700.4,1299.3
2022-07-19,14708.9,1308.0
2022-07-20,14737.9,1320.8
2022-07-21,14761.9,1339.3
2022-07-22,14803.2,1339.7
2022-07-23,14888.4,1368.6
2022-07-24,14990.4,1418.8
2022-07-25,15081.4,1447.0
2022-07-26,15168.5,1446.3
2022-07-27,15238.1,1441.3
2022-07-28,15315.4,1441.4
2022-07-29,15387.8,1435.4
2022-07-30,15484.5,1457.5
2022-07-31,15588.0,1456.0
2022-08-01,15681.0,1464.2
2022-08-02,15786.9,1481.0
2022-08-03,15891.2,1471.2
2022-08-04,15987.8,1480.1
2022-08-05,16102.9,1471.9
2022-08-06,16242.2,1487.3
2022-08-07,16387.0,1507.7
2022-08-08,16511.0,1484.3
2022-08-09,16640.4,1457.4
2022-08-10,16778.2,1411.8
2022-08-11,16897.6,1439.6
2022-08-12,17023.9,1424.3
2022-08-13,17166.2,1429.9
2022-08-14,17318.1,1449.5
2022-08-15,17451.1,1445.5
2022-08-16,17553.5,1440.2
2022-08-17,17654.7,1453.0
2022-08-18,17759.7,1406.9
2022-08-19,17862.9,1418.8
2022-08-20,17995.0,1454.7
2022-08-21,18128.9,1470.6
2022-08-22,18247.9,1464.6
2022-08-23,18344.6,1446.2
2022-08-24,18438.3,1454.1
2022-08-25,18545.8,1448.2
2022-08-26,18638.3,1434.3
2022-08-27,18757.7,1444.3
2022-08-28,18875.8,1455.2
2022-08-29,18966.3,1429.9
2022-08-30,19056.8,1430.3
2022-08-31,19116.7,1433.6
2022-09-01,19185.1,1433.8
2022-09-02,19280.9,1437.8
2022-09-03,19400.3,1471.9
2022-09-04,19523.8,1509.0
2022-09-05,19619.3,1519.7
2022-09-06,19697.1,1524.0
2022-09-07,19724.9,1535.4
2022-09-08,19785.8,1516.1
2022-09-09,19859.0,1487.9
2022-09-10,19943.7,1483.7
2022-09-11,20028.5,1472.0
2022-09-12,20066.5,1446.5
2022-09-13,20106.6,1434.1
2022-09-14,20135.5,1417.0
2022-09-15,20179.0,1426.7
2022-09-16,20244.4,1439.8
2022-09-17,20324.0,1463.1
2022-09-18,20395.0,1483.0
2022-09-19,20449.0,1456.4
2022-09-20,20480.8,1434.1
2022-09-21,20509.9,1433.4
2022-09-22,20542.7,1421.5
2022-09-23,20576.6,1404.4
2022-09-24,20630.4,1399.4
2022-09-25,20699.4,1429.9
2022-09-26,20732.1,1453.1
2022-09-27,20752.8,1436.1
2022-09-28,20764.6,1405.5
2022-09-29,20781.4,1353.9
2022-09-30,20810.1,1343.9
2022-10-01,20862.9,1388.6
2022-10-02,20950.3,1399.7
2022-10-03,21053.5,1416.7
2022-10-04,21108.0,1433.4
2022-10-05,21170.2,1452.9
2022-10-06,21232.4,1462.0
2022-10-07,21304.8,1487.4
2022-10-08,21402.6,1501.4
2022-10-09,21491.1,1525.5
2022-10-10,21550.5,1538.6
2022-10-11,21583.1,1524.5
2022-10-12,21621.4,1499.1
2022-10-13,21646.5,1478.1
2022-10-14,21695.4,1470.5
2022-10-15,21776.4,1489.4
2022-10-16,21867.9,1515.7
2022-10-17,21926.8,1551.2
2022-10-18,21964.2,1542.5
2022-10-19,21978.4,1562.2
2022-10-20,21992.0,1536.5
2022-10-21,22004.9,1521.5
2022-10-22,22078.4,1537.5
2022-10-23,22161.2,1567.4
2022-10-24,22211.2,1574.3
2022-10-25,22221.3,1515.9
2022-10-26,22232.4,1515.8
2022-10-27,22262.0,1496.6
2022-10-28,22309.4,1489.6
2022-10-29,22383.9,1495.6
2022-10-30,22449.8,1515.8
2022-10-31,22462.5,1500.8
2022-11-01,22523.6,1521.7
2022-11-02,22555.9,1517.8
2022-11-03,22555.6,1500.9
2022-11-04,22544.5,1488.0
2022-11-05,22573.7,1509.6
2022-11-06,22610.8,1519.3
2022-11-07,22614.6,1529.3
2022-11-08,22625.9,1533.0
2022-11-09,22637.4,1512.2
2022-11-10,22658.5,1508.3
2022-11-11,22669.4,1530.5
2022-11-12,22700.3,1534.6
2022-11-13,22732.5,1539.6
2022-11-14,22720.4,1529.5
2022-11-15,22716.5,1543.4
2022-11-16,22487.0,1558.7
2022-11-17,22726.6,1581.5
2022-11-18,22716.6,1573.8
2022-11-19,22690.0,1588.2
2022-11-20,22661.8,1592.0
2022-11-21,22615.7,1575.4
2022-11-22,22590.1,1531.9
2022-11-23,22552.5,1538.1
2022-11-24,22527.3,1528.2
2022-11-25,22514.0,1531.6
2022-11-26,22529.8,1558.6
2022-11-27,22542.2,1576.4
2022-11-28,22491.3,1569.1
2022-11-29,22406.1,1539.7
2022-11-30,22352.3,1536.6
2022-12-01,22259.7,1497.1
2022-12-02,22160.0,1496.3
2022-12-03,22107.9,1511.9
2022-12-04,22061.2,1526.7
2022-12-05,21982.5,1520.8
2022-12-06,21887.8,1524.9
2022-12-07,21789.1,1510.7
2022-12-08,21687.0,1481.4
2022-12-09,21564.9,1446.7
2022-12-10,21450.6,1428.7
2022-12-11,21339.0,1390.7
2022-12-12,21113.4,1325.9
2022-12-13,20849.3,1265.0
2022-12-14,20618.0,1206.5
2022-12-15,20389.5,1142.0
2022-12-16,20195.7,1083.1
2022-12-17,20091.8,1050.8
2022-12-18,20003.2,1054.1
2022-12-19,19933.8,1096.8
2022-12-20,19905.1,1138.8
2022-12-21,19918.9,1156.9
2022-12-22,19943.7,1168.8
2022-12-23,19977.5,1180.3
2022-12-24,20033.1,1227.6
2022-12-25,20118.3,1285.4
2022-12-26,20212.6,1320.4
2022-12-27,20265.4,1342.5
2022-12-28,20316.5,1393.1
2022-12-29,20380.5,1402.3
2022-12-30,20444.6,1408.2
2022-12-31,20539.5,1416.0
2023-01-01,20626.1,1448.1
2023-01-02,20664.3,1437.4
2023-01-03,20684.1,1427.8
2023-01-04,20692.0,1459.1
2023-01-05,20702.2,1469.8
2023-01-06,20736.4,1464.4
2023-01-07,20765.0,1486.8
2023-01-08,20785.5,1484.7
2023-01-09,20773.8,1473.3
2023-01-10,20753.6,1469.5
2023-01-11,20733.0,1470.2
2023-01-12,20711.9,1477.1
2023-01-13,20686.9,1479.8
2023-01-14,20676.8,1513.0
2023-01-15,20657.6,1517.5
2023-01-16,20552.4,1465.0
2023-01-17,20427.2,1399.6
2023-01-18,20286.0,1347.2
2023-01-19,20114.6,1296.5
2023-01-20,19936.6,1269.8
2023-01-21,19850.2,1260.2
2023-01-22,19699.7,1225.2
2023-01-23,19470.2,1173.7
2023-01-24,19231.2,1132.3
2023-01-25,19005.9,1103.5
2023-01-26,18790.8,1062.6
2023-01-27,18559.7,1017.9
2023-01-28,18399.5,992.5
2023-01-29,18267.2,1018.3
2023-01-30,18136.9,1006.3
2023-01-31,18002.5,1007.9
2023-02-01,17858.3,1003.7
2023-02-02,17770.0,1015.1
2023-02-03,17606.5,1043.6
2023-02-04,17553.5,1076.0
2023-02-05,17477.0,1080.2
2023-02-06,17306.8,1034.0
2023-02-07,17122.6,985.0
2023-02-08,17067.9,946.1
2023-02-09,16895.7,906.6
2023-02-10,16758.8,859.6
2023-02-11,16692.9,867.6
2023-02-12,16644.9,884.4
2023-02-13,16553.2,870.7
2023-02-14,16473.6,848.4
2023-02-15,16399.3,847.0
2023-02-16,16338.5,855.2
2023-02-17,16317.2,879.2
2023-02-18,16332.1,923.1
2023-02-19,16333.7,958.6
2023-02-20,16312.7,985.0
2023-02-21,16280.4,981.2
2023-02-22,16240.0,982.7
2023-02-23,16212.4,983.2
2023-02-24,16177.7,980.8
2023-02-25,16144.1,997.3
2023-02-26,16093.5,1001.8
2023-02-27,15957.2,965.3
2023-02-28,15813.6,934.3
2023-03-01,15678.5,899.5
2023-03-02,15557.1,867.8
2023-03-03,15447.9,844.3
2023-03-04,15390.7,832.6
2023-03-05,15318.4,823.8
2023-03-06,15200.1,790.6
2023-03-07,15047.5,733.5
2023-03-08,14880.7,667.9
2023-03-09,14763.8,639.9
2023-03-10,14699.2,605.8
2023-03-11,14644.9,601.3
2023-03-12,14605.4,648.2
2023-03-13,14600.8,688.0
2023-03-14,14580.5,678.2
2023-03-15,14527.3,642.4
2023-03-16,14484.3,661.8
2023-03-17,14470.5,690.7
2023-03-18,14515.9,734.0
2023-03-19,14544.4,762.9
2023-03-20,14528.7,782.8
2023-03-21,14531.9,803.6
2023-03-22,14553.3,835.8
2023-03-23,14589.3,863.3
2023-03-24,15090.9,892.7
2023-03-25,14668.8,923.2
2023-03-26,14686.2,933.0
2023-03-27,14654.8,924.8
2023-03-28,14616.9,919.5
2023-03-29,14600.9,945.1
2023-03-30,14613.1,989.2
2023-03-31,14618.7,1022.7
2023-04-01,14672.4,1027.0
2023-04-02,14682.2,1019.5
2023-04-03,14648.1,1007.6
2023-04-04,14589.7,993.8
2023-04-05,14550.4,967.4
2023-04-06,14526.2,964.9
2023-04-07,14527.8,959.1
2023-04-08,14542.6,955.8
2023-04-09,14593.8,964.5
2023-04-10,14655.4,999.0
2023-04-11,14685.0,1019.6
2023-04-12,14701.0,1018.2
2023-04-13,14683.5,992.2
2023-04-14,14682.7,944.7
2023-04-15,14703.3,954.3
2023-04-16,14712.9,944.3
2023-04-17,14709.4,923.0
2023-04-18,14717.4,931.9
2023-04-19,14726.6,956.3
2023-04-20,14722.3,960.4
2023-04-21,14738.8,953.6
2023-04-22,14824.0,941.9
2023-04-23,14914.8,928.7
2023-04-24,14982.7,897.9
2023-04-25,15025.7,840.2
2023-04-26,15010.0,801.1
2023-04-27,15017.8,757.6
2023-04-28,15062.9,762.6
2023-04-29,15143.7,763.1
2023-04-30,15232.3,792.0
2023-05-01,15306.4,791.2
2023-05-02,15335.7,774.8
2023-05-03,15356.9,770.3
2023-05-04,15324.0,773.4
2023-05-05,15382.6,761.0
2023-05-06,15459.7,745.1
2023-05-07,15543.9,750.2
2023-05-08,15622.9,756.5
2023-05-09,15661.8,750.8
2023-05-10,15692.5,747.9
2023-05-11,15726.9,741.3
2023-05-12,15778.0,736.4
2023-05-13,15872.8,741.4
2023-05-14,15973.2,749.5
2023-05-15,16041.7,756.4
2023-05-16,16101.9,758.3
2023-05-17,16132.2,760.9
2023-05-18,16187.3,771.4
2023-05-19,16261.1,780.8
2023-05-20,16364.9,808.4
2023-05-21,16484.9,841.2
2023-05-22,16541.4,853.4
2023-05-23,16589.6,835.3
2023-05-24,16622.7,823.5
2023-05-25,16651.8,800.4
2023-05-26,16719.4,818.6
2023-05-27,16799.7,819.1
2023-05-28,16894.7,828.2
2023-05-29,16975.9,835.9
2023-05-30,17041.3,839.7
2023-05-31,17088.2,833.1
2023-06-01,17128.3,820.0
2023-06-02,17171.3,816.5
2023-06-03,17233.5,810.8
2023-06-04,17294.1,798.8
2023-06-05,17330.0,774.4
2023-06-06,17199.2,735.8
2023-06-07,17376.1,722.3
2023-06-08,17416.2,708.0
2023-06-09,17467.2,708.3
2023-06-10,17546.0,735.3
2023-06-11,17627.6,739.4
2023-06-12,17685.5,724.0
2023-06-13,17738.2,719.8
2023-06-14,17775.9,728.2
2023-06-15,17806.3,724.7
2023-06-16,17844.5,721.7
2023-06-17,17895.7,735.2
2023-06-18,17970.4,758.1
2023-06-19,18004.2,764.4
2023-06-20,18027.0,753.9
2023-06-21,18036.5,743.1
2023-06-22,18036.4,729.1
2023-06-23,18054.9,735.2
2023-06-24,18121.2,766.0
2023-06-25,18184.1,793.0
2023-06-26,18228.9,796.8
2023-06-27,18245.7,796.2
2023-06-28,18247.4,771.1
2023-06-29,18251.5,757.5
2023-06-30,18270.6,759.9
2023-07-01,18351.0,782.1
2023-07-02,18429.7,808.8
2023-07-03,18492.5,822.5
2023-07-04,18522.2,824.6
2023-07-05,18571.2,827.7
2023-07-06,18604.7,837.8
2023-07-07,18661.6,855.5
2023-07-08,18742.3,889.2
2023-07-09,18819.7,910.1
2023-07-10,18860.5,898.0
2023-07-11,18894.2,883.6
2023-07-12,18928.3,874.0
2023-07-13,18964.2,864.2
2023-07-14,19014.5,864.2
2023-07-15,19099.9,917.3
2023-07-16,19190.4,967.0
2023-07-17,19246.9,990.2
2023-07-18,19287.2,981.5
2023-07-19,19323.6,964.3
2023-07-20,19351.8,955.9
2023-07-21,19351.0,962.1
2023-07-22,19468.5,1000.7
2023-07-23,19557.9,1047.2
2023-07-24,19607.3,1061.8
2023-07-25,19654.3,1071.4
2023-07-26,19707.9,1080.3
2023-07-27,19759.5,1082.9
2023-07-28,19803.3,1098.0
2023-07-29,19906.7,1135.8
2023-07-30,20017.8,1180.9
2023-07-31,20103.8,1212.0
2023-08-01,20054.6,1213.2
2023-08-02,20126.7,1217.2
2023-08-03,20182.0,1203.0
2023-08-04,20225.2,1188.5
2023-08-05,20296.3,1205.8
2023-08-06,20371.6,1244.0
2023-08-07,20436.9,1272.0
2023-08-08,20503.7,1282.8
2023-08-09,20566.3,1289.3
2023-08-10,20630.5,1295.0
2023-08-11,20706.8,1310.8
2023-08-12,20809.5,1350.0
2023-08-13,20910.4,1372.8
2023-08-14,20980.7,1386.1
2023-08-15,21040.9,1400.9
2023-08-16,21105.6,1389.3
2023-08-17,21174.8,1394.4
2023-08-18,21238.2,1406.9
2023-08-19,21320.6,1426.7
2023-08-20,21390.9,1430.1
2023-08-21,21429.5,1433.5
2023-08-22,21455.7,1421.7
2023-08-23,21474.2,1406.1
2023-08-24,21490.9,1360.6
2023-08-25,21516.9,1340.4
2023-08-26,21552.9,1330.8
2023-08-27,21593.5,1328.9
2023-08-28,21601.1,1300.2
2023-08-29,21579.5,1287.2
2023-08-30,21581.0,1267.0
2023-08-31,21578.1,1226.1
2023-09-01,21779.5,1195.8
2023-09-02,23696.6,1190.2
2023-09-03,21833.1,1199.9
2023-09-04,21837.0,1187.7
2023-09-05,21843.9,1169.6
2023-09-06,21844.4,1135.2
2023-09-07,21841.1,1105.4
2023-09-08,21838.4,1078.4
2023-09-09,21852.9,1063.9
2023-09-10,21862.6,1048.7
2023-09-11,21860.8,1012.6
2023-09-12,21863.3,967.1
2023-09-13,21864.1,949.1
2023-09-14,21865.9,916.7
2023-09-15,21880.8,906.9
2023-09-16,21903.4,916.3
2023-09-17,21936.2,913.7
2023-09-18,21959.2,932.1
2023-09-19,21993.0,933.8
2023-09-20,22018.9,936.3
2023-09-21,22034.5,918.3
2023-09-22,22055.5,917.0
2023-09-23,22091.8,922.1
2023-09-24,22132.5,940.6
2023-09-25,22157.0,955.2
2023-09-26,22181.1,948.5
2023-09-27,22210.2,969.1
2023-09-28,22231.7,958.3
2023-09-29,22271.1,977.0
2023-09-30,22323.9,1001.8
2023-10-01,22395.3,1048.1
2023-10-02,22451.5,1063.8
2023-10-03,22527.1,1102.8
2023-10-04,22575.3,1123.2
2023-10-05,22573.6,1132.5
2023-10-06,22613.2,1164.6
2023-10-07,22668.4,1204.0
2023-10-08,22713.3,1219.4
2023-10-09,22735.2,1215.1
2023-10-10,22764.0,1255.1
2023-10-11,22818.2,1284.3
2023-10-12,22854.4,1308.3
2023-10-13,22917.3,1367.9
2023-10-14,22975.2,1418.2
2023-10-15,23010.4,1432.8
2023-10-16,23022.0,1405.2
2023-10-17,23021.8,1392.0
2023-10-18,23013.5,1398.9
2023-10-19,23011.7,1413.9
2023-10-20,23022.4,1440.6
2023-10-21,23074.8,1460.4
2023-10-22,23123.0,1454.9
2023-10-23,23123.7,1429.2
2023-10-24,23131.7,1408.2
2023-10-25,23133.8,1374.9
2023-10-26,23143.7,1360.6
2023-10-27,23156.9,1354.2
2023-10-28,23204.2,1366.2
2023-10-29,23257.9,1401.9
2023-10-30,23280.3,1391.2
2023-10-31,23306.7,1394.8
2023-11-01,23342.9,1433.1
2023-11-02,23378.0,1440.3
2023-11-03,23390.2,1462.3
2023-11-04,23411.2,1478.4
2023-11-05,23434.5,1512.5
2023-11-06,23443.5,1532.0
2023-11-07,23448.4,1530.0
2023-11-08,23440.1,1533.8
2023-11-09,23439.8,1521.2
2023-11-10,23438.6,1508.3
2023-11-11,23446.8,1496.0
2023-11-12,23453.3,1487.4
2023-11-13,23442.3,1494.4
2023-11-14,23450.8,1488.7
2023-11-15,23492.6,1458.4
2023-11-16,23462.6,1410.7
2023-11-17,23425.0,1375.3
2023-11-18,23421.7,1408.8
2023-11-19,23454.3,1448.1
2023-11-20,23464.8,1458.1
2023-11-21,23422.0,1449.6
2023-11-22,23338.5,1444.9
2023-11-23,23299.2,1481.6
2023-11-24,23256.7,1477.8
2023-11-25,23213.0,1461.9
2023-11-26,23165.1,1432.4
2023-11-27,23060.7,1425.3
2023-11-28,22925.7,1391.8
2023-11-29,22749.3,1328.8
2023-11-30,22549.6,1246.3
2023-12-01,22402.9,1178.2
2023-12-02,22268.7,1125.8
2023-12-03,22167.6,1125.3
2023-12-04,21991.5,1116.9
2023-12-05,21845.8,1091.9
2023-12-06,21685.7,1066.9
2023-12-07,21566.2,1054.3
2023-12-08,21483.6,1072.3
2023-12-09,21469.6,1105.8
2023-12-10,21475.5,1128.0
2023-12-11,21130.1,1126.7
2023-12-12,21087.5,1112.8
2023-12-13,21054.8,1108.4
2023-12-14,21310.8,1080.8
2023-12-15,21269.6,1080.9
2023-12-16,21279.5,1125.1
2023-12-17,21293.3,1162.5
2023-12-18,21253.5,1191.8
2023-12-19,21198.8,1211.3
2023-12-20,21146.3,1221.7
2023-12-21,21132.4,1252.6
2023-12-22,21124.6,1264.5
2023-12-23,21138.9,1299.4
2023-12-24,21172.7,1350.3
2023-12-25,21218.3,1394.1
2023-12-26,21251.6,1403.4
2023-12-27,21260.2,1424.8
2023-12-28,21275.3,1447.5
2023-12-29,21288.0,1473.8
2023-12-30,21304.0,1497.8
2023-12-31,21311.4,1519.2
2024-01-01,21317.5,1544.3
2024-01-02,21301.3,1554.5
2024-01-03,21274.0,1559.2
2024-01-04,21217.0,1541.3
2024-01-05,21149.7,1524.1
2024-01-06,21088.7,1518.3
2024-01-07,20989.7,1492.3
2024-01-08,20774.0,1445.9
2024-01-09,20502.9,1385.4
2024-01-10,20223.4,1317.7
2024-01-11,19955.9,1267.6
2024-01-12,19741.3,1224.7
2024-01-13,19605.6,1213.9
2024-01-14,19481.4,1211.8
2024-01-15,19291.9,1151.6
2024-01-16,19064.2,1086.0
2024-01-17,18835.6,1016.6
2024-01-18,18633.2,940.6
2024-01-19,18430.7,896.3
2024-01-20,18283.6,882.9
2024-01-21,18160.8,903.8
2024-01-22,18078.8,918.9
2024-01-23,17996.0,934.8
2024-01-24,17944.3,956.7
2024-01-25,17876.0,955.6
2024-01-26,17827.2,959.5
2024-01-27,17766.8,952.7
2024-01-28,17698.9,964.2
2024-01-29,17617.8,953.9
2024-01-30,17539.9,940.6
2024-01-31,17461.4,917.8
2024-02-01,17395.4,920.1
2024-02-02,17342.8,953.6
2024-02-03,17333.3,998.2
2024-02-04,17314.5,1022.9
2024-02-05,17269.2,1042.5
2024-02-06,17227.7,1039.6
2024-02-07,17130.4,989.6
2024-02-08,17026.5,956.2
2024-02-09,16965.1,957.4
2024-02-10,16934.9,960.4
2024-02-11,16894.5,964.7
2024-02-12,16825.8,944.3
2024-02-13,16740.9,920.2
2024-02-14,16676.4,925.0
2024-02-15,16660.5,953.1
2024-02-16,16658.6,958.6
2024-02-17,16669.7,988.0
2024-02-18,16677.2,1026.4
2024-02-19,16652.6,1044.8
2024-02-20,16620.0,1060.2
2024-02-21,16574.7,1066.9
2024-02-22,16530.0,1062.5
2024-02-23,16473.4,1040.1
2024-02-24,16438.2,1011.6
2024-02-25,16403.3,992.1
2024-02-26,16318.1,948.4
2024-02-27,16223.2,896.4
2024-02-28,16121.1,868.2
2024-02-29,16063.5,844.6
2024-03-01,16003.4,802.2
2024-03-02,16003.3,776.1
2024-03-03,16014.2,745.6
2024-03-04,15977.5,709.7
2024-03-05,15887.1,669.8
2024-03-06,15812.1,638.6
2024-03-07,15752.2,612.1
2024-03-08,15695.2,595.0
2024-03-09,15671.8,602.0
2024-03-10,15662.0,597.2
2024-03-11,15596.5,546.3
2024-03-12,15526.3,509.9
2024-03-13,15473.3,514.4
2024-03-14,15463.8,527.9
2024-03-15,16875.7,541.4
2024-03-16,15487.8,533.4
2024-03-17,15478.8,542.1
2024-03-18,15443.4,539.3
2024-03-19,15407.2,520.1
2024-03-20,15393.0,509.2
2024-03-21,15390.6,543.3
2024-03-22,15388.8,572.2
2024-03-23,15389.4,583.8
2024-03-24,15366.3,587.4
2024-03-25,15295.2,569.5
2024-03-26,15273.2,563.2
2024-03-27,15245.7,555.8
2024-03-28,15204.6,550.5
2024-03-29,15205.6,556.1
2024-03-30,15218.0,571.2
2024-03-31,14967.3,597.6
2024-04-01,15202.5,603.6
2024-04-02,15151.3,597.9
2024-04-03,15161.2,601.9
2024-04-04,15118.0,602.8
2024-04-05,15148.1,631.1
2024-04-06,15215.9,680.1
2024-04-07,15303.1,713.5
2024-04-08,15383.6,715.3
2024-04-09,15419.4,730.5
2024-04-10,15437.0,730.8
2024-04-11,15462.3,747.3
2024-04-12,15521.3,793.1
2024-04-13,15606.2,666.0
2024-04-14,15687.6,867.9
2024-04-15,15720.2,851.8
2024-04-16,15701.3,847.9
2024-04-17,15651.3,808.8
2024-04-18,15601.5,803.5
2024-04-19,15565.9,813.2
2024-04-20,15557.8,840.8
2024-04-21,15536.5,865.2
2024-04-22,15455.4,829.7
2024-04-23,15358.6,816.1
2024-04-24,15281.2,770.3
2024-04-25,15211.3,707.1
2024-04-26,15184.7,651.4
2024-04-27,15210.1,611.2
2024-04-28,15249.6,581.0
2024-04-29,15279.6,547.1
2024-04-30,15327.6,533.1
2024-05-01,15382.3,529.5
2024-05-02,15438.4,531.7
2024-05-03,15461.2,518.3
2024-05-04,15495.5,512.7
2024-05-05,15533.3,518.5
2024-05-06,15536.7,506.5
2024-05-07,15532.6,498.3
2024-05-08,15519.2,493.0
2024-05-09,15554.6,502.8
2024-05-10,15608.3,522.5
2024-05-11,15688.0,547.7
2024-05-12,15776.8,566.1
2024-05-13,15854.1,578.2
2024-05-14,15930.3,576.5
2024-05-15,15999.5,586.3
2024-05-16,16052.5,584.5
2024-05-17,16114.5,586.2
2024-05-18,16184.6,595.0
2024-05-19,16254.3,615.1
2024-05-20,16315.8,624.4
2024-05-21,16335.3,618.1
2024-05-22,16372.1,626.3
2024-05-23,16418.1,609.2
2024-05-24,16443.4,585.7
2024-05-25,16480.3,589.1
2024-05-26,16523.9,601.2
2024-05-27,16554.5,602.9
2024-05-28,16576.6,589.3
2024-05-29,16596.5,570.9
2024-05-30,16618.8,587.1
2024-05-31,16658.1,585.4
2024-06-01,16693.2,601.2
2024-06-02,16749.8,610.1
2024-06-03,16769.0,591.9
2024-06-04,16803.9,593.5
2024-06-05,16840.4,582.0
2024-06-06,16898.0,551.6
2024-06-07,16949.4,551.5
2024-06-08,17022.5,571.3
2024-06-09,17090.8,586.4
2024-06-10,17133.1,589.3
2024-06-11,17175.4,599.9
2024-06-12,17209.1,584.2
2024-06-13,17252.9,583.0
2024-06-14,17327.5,585.8
2024-06-15,17408.1,598.6
2024-06-16,17490.3,619.7
2024-06-17,17547.4,613.6
2024-06-18,17598.5,599.5
2024-06-19,17666.2,594.1
2024-06-20,17731.3,584.0
2024-06-21,17795.6,586.9
2024-06-22,17899.7,604.7
2024-06-23,17999.1,612.4
2024-06-24,18064.6,596.8
2024-06-25,18135.7,589.7
2024-06-26,18214.7,589.6
2024-06-27,18294.2,610.0
2024-06-28,18381.2,636.5
2024-06-29,18478.5,664.7
2024-06-30,18574.3,678.1
2024-07-01,18634.5,678.8
2024-07-02,18703.0,660.0
2024-07-03,18769.2,666.7
2024-07-04,18683.9,663.4
2024-07-05,18917.9,679.0
2024-07-06,18989.4,702.8
2024-07-07,19060.3,711.9
2024-07-08,19132.5,703.1
2024-07-09,19211.4,714.6
2024-07-10,19282.2,723.3
2024-07-11,19334.1,715.5
2024-07-12,19380.6,729.3
2024-07-13,19436.6,746.9
2024-07-14,19499.7,779.3
2024-07-15,19553.9,777.0
2024-07-16,19622.7,786.5
2024-07-17,19682.9,782.8
2024-07-18,19736.2,808.1
2024-07-19,19806.1,836.5
2024-07-20,19894.8,861.0
2024-07-21,19977.6,885.9
2024-07-22,20036.0,902.3
2024-07-23,20086.8,908.6
2024-07-24,20133.4,933.9
2024-07-25,20174.3,973.1
2024-07-26,20213.2,993.6
2024-07-27,20263.5,1013.1
2024-07-28,20315.4,1063.1
2024-07-29,20355.9,1108.2
2024-07-30,20395.5,1134.4
2024-07-31,20435.2,1153.5
2024-08-01,20467.5,1160.6
2024-08-02,20513.2,1181.5
2024-08-03,20575.5,1209.1
2024-08-04,20638.6,1251.4
2024-08-05,20694.9,1277.9
2024-08-06,20738.6,1294.3
2024-08-07,20784.6,1321.8
2024-08-08,20832.4,1341.3
2024-08-09,20887.5,1363.0
2024-08-10,20950.0,1381.7
2024-08-11,20816.2,1402.8
2024-08-12,21060.9,1412.2
2024-08-13,21123.0,1415.2
2024-08-14,21173.3,1412.0
2024-08-15,21228.0,1429.9
2024-08-16,21278.8,1429.2
2024-08-17,21346.9,1429.1
2024-08-18,21421.4,1433.0
2024-08-19,21463.5,1429.6
2024-08-20,21502.8,1444.3
2024-08-21,21548.0,1453.8
2024-08-22,21594.8,1468.0
2024-08-23,21644.6,1485.0
2024-08-24,21714.2,1507.6
2024-08-25,21783.5,1523.8
2024-08-26,21824.0,1533.0
2024-08-27,21850.0,1536.8
2024-08-28,21889.3,1529.7
2024-08-29,21901.3,1519.2
2024-08-30,21927.7,1488.5
2024-08-31,21967.6,1508.9
2024-09-01,22013.9,1530.7
2024-09-02,22035.7,1489.9
2024-09-03,22040.9,1457.7
2024-09-04,22041.4,1425.8
2024-09-05,22061.2,1413.6
2024-09-06,22092.4,1395.3
2024-09-07,22119.4,1368.0
2024-09-08,22148.6,1358.3
2024-09-09,22159.2,1343.4
2024-09-10,22191.3,1324.7
2024-09-11,22199.6,1294.2
2024-09-12,22183.4,1239.9
2024-09-13,22169.0,1201.0
2024-09-14,22158.9,1193.3
2024-09-15,22168.9,1174.9
2024-09-16,22154.2,1155.3
2024-09-17,22150.6,1161.5
2024-09-18,22167.5,1161.4
2024-09-19,22177.8,1136.7
2024-09-20,22173.5,1110.5
2024-09-21,22195.2,1121.7
2024-09-22,22207.9,1117.0
2024-09-23,22203.7,1113.7
2024-09-24,22077.0,1120.8
2024-09-25,22093.2,1100.9
2024-09-26,22114.5,1112.9
2024-09-27,22131.7,1119.2
2024-09-28,22145.2,1095.9
2024-09-29,22153.5,1082.6
2024-09-30,22137.0,1068.0
2024-10-01,22146.3,1068.7
2024-10-02,22129.5,1066.5
2024-10-03,22142.6,1076.3
2024-10-04,22147.6,1088.0
2024-10-05,22163.8,1124.9
2024-10-06,22185.7,1154.4
2024-10-07,22208.8,1167.8
2024-10-08,22257.5,1199.3
2024-10-09,22303.8,1223.7
2024-10-10,22340.9,1221.8
2024-10-11,22347.6,1198.8
2024-10-12,22379.5,1223.3
2024-10-13,22406.9,1196.9
2024-10-14,22389.4,1164.4
2024-10-15,22385.2,1160.2
2024-10-16,22402.7,1176.4
2024-10-17,22423.6,1187.4
2024-10-18,22442.5,1201.4
2024-10-19,22488.1,1240.0
2024-10-20,22535.9,1283.5
2024-10-21,22550.6,1275.8
2024-10-22,22552.7,1274.4
2024-10-23,22548.0,1281.1
2024-10-24,22550.5,1301.7
2024-10-25,22562.4,1314.7
2024-10-26,22588.7,1342.8
2024-10-27,22610.9,1379.7
2024-10-28,22618.9,1388.3
2024-10-29,22620.9,1401.2
2024-10-30,22623.8,1395.9
2024-10-31,22628.8,1402.8
2024-11-01,22675.1,1398.7
2024-11-02,22388.3,1416.1
2024-11-03,22709.7,1417.2
2024-11-04,22670.5,1387.4
2024-11-05,22620.0,1352.8
2024-11-06,22557.2,1325.8
2024-11-07,22469.3,1329.9
2024-11-08,22402.5,1323.0
2024-11-09,22367.2,1330.0
2024-11-10,22340.2,1361.7
2024-11-11,22288.7,1370.8
2024-11-12,22212.2,1355.9
2024-11-13,21803.4,1338.3
2024-11-14,22044.6,1336.6
2024-11-15,21994.3,1344.7
2024-11-16,21675.0,1382.9
2024-11-17,21664.0,1405.0
2024-11-18,21892.2,1397.0
2024-11-19,21814.1,1384.3
2024-11-20,21719.8,1352.5
2024-11-21,21589.9,1292.4
2024-11-22,21457.4,1255.2
2024-11-23,21377.9,1268.6
2024-11-24,21372.3,1325.7
2024-11-25,21356.5,1361.9
2024-11-26,21010.7,1318.5
2024-11-27,21260.8,1266.3
2024-11-28,20896.4,1208.4
2024-11-29,21098.6,1199.8
2024-11-30,20716.2,1219.8
2024-12-01,20956.9,1267.2
2024-12-02,20872.6,1256.0
2024-12-03,20765.3,1220.2
2024-12-04,20642.8,1193.5
2024-12-05,20546.2,1231.7
2024-12-06,20486.7,1234.5
2024-12-07,20454.1,1243.9
2024-12-08,20417.0,1252.4
2024-12-09,20319.1,1243.3
2024-12-10,20141.2,1198.5
2024-12-11,19955.7,1133.2
2024-12-12,19753.5,1069.5
2024-12-13,19582.7,1015.4
2024-12-14,19478.7,1032.1
2024-12-15,19407.9,1079.9
2024-12-16,19199.0,1096.3
2024-12-17,19275.8,1096.4
2024-12-18,19229.5,1116.6
2024-12-19,19197.2,1102.0
2024-12-20,19137.2,1090.8
2024-12-21,19111.9,1118.5
2024-12-22,19092.6,1124.8
2024-12-23,19051.4,1100.0
2024-12-24,19016.2,1126.1
2024-12-25,18998.2,1164.5
2024-12-26,18960.7,1159.0
2024-12-27,18869.3,1126.3
2024-12-28,18758.7,1114.1
2024-12-29,18639.1,1133.1
2024-12-30,18522.2,1167.3
2024-12-31,18442.4,1203.4
2025-01-01,18376.9,1254.3
2025-01-02,18271.8,1232.4
2025-01-03,18116.0,1186.5
2025-01-04,17974.5,1148.2
2025-01-05,17855.3,1153.8
2025-01-06,17776.5,1151.3
2025-01-07,17653.1,1117.1
2025-01-08,17478.2,1024.6
2025-01-09,17280.3,959.9
2025-01-10,17062.9,866.6
2025-01-11,16855.9,788.6
2025-01-12,16653.9,748.1
2025-01-13,16371.3,722.5
2025-01-14,16075.7,697.3
2025-01-15,15798.9,680.4
2025-01-16,15537.4,654.3
2025-01-17,15229.0,611.1
2025-01-18,14971.0,579.9
2025-01-19,14709.6,520.7
2025-01-20,14396.5,467.2
2025-01-21,14055.1,448.5
2025-01-22,13775.2,387.9
2025-01-23,13617.6,378.9
2025-01-24,13507.8,393.8
2025-01-25,13439.2,419.8
2025-01-26,13364.7,437.7
2025-01-27,13282.6,442.1
2025-01-28,13201.4,441.3
2025-01-29,13110.7,434.4
2025-01-30,12975.1,423.2
2025-01-31,12836.9,401.7
2025-02-01,12685.4,416.1
2025-02-02,12515.5,426.1
2025-02-03,12275.4,448.4
2025-02-04,12049.2,474.3
2025-02-05,11816.8,472.7
2025-02-06,11615.1,469.9
2025-02-07,11434.0,482.4
2025-02-08,11304.4,471.5
2025-02-09,11172.9,491.2
2025-02-10,10980.6,482.2
2025-02-11,10784.8,461.4
2025-02-12,10558.3,437.9
2025-02-13,10315.6,385.4
2025-02-14,10052.3,342.7
2025-02-15,9833.1,311.7
2025-02-16,9626.3,303.0
2025-02-17,9329.4,247.1
2025-02-18,9025.7,224.6
2025-02-19,8774.8,193.4
2025-02-20,8593.9,220.5
2025-02-21,8506.4,284.0
2025-02-22,8457.8,330.2
2025-02-23,8421.4,372.2
2025-02-24,8359.5,432.6
2025-02-25,8272.5,440.0
2025-02-26,8167.1,421.4
2025-02-27,8054.8,391.6
2025-02-28,7757.1,365.3
2025-03-01,7667.4,345.6
2025-03-02,7593.3,340.4
2025-03-03,7489.6,320.9
2025-03-04,7405.0,324.4
2025-03-05,7351.3,343.7
2025-03-06,7311.7,378.0
2025-03-07,7291.7,421.0
2025-03-08,7302.3,480.2
2025-03-09,7306.4,520.2
2025-03-10,7251.0,532.1
2025-03-11,7164.8,518.5
2025-03-12,7053.3,482.3
2025-03-13,6938.6,436.2
2025-03-14,6828.8,401.8
2025-03-15,6778.1,385.4
2025-03-16,6731.5,375.3
2025-03-17,6643.8,361.3
2025-03-18,6580.3,355.5
2025-03-19,6541.2,343.4
2025-03-20,6534.1,376.7
2025-03-21,6546.0,439.9
2025-03-22,6589.6,489.8
2025-03-23,6614.5,514.5
2025-03-24,6603.6,517.1
2025-03-25,6582.7,519.2
2025-03-26,6553.9,541.6
2025-03-27,6532.5,577.6
2025-03-28,6529.3,612.7
2025-03-29,6540.4,651.7
2025-03-30,6544.9,699.9
2025-03-31,6518.2,724.1
2025-04-01,6517.4,733.5
2025-04-02,6519.3,743.3
2025-04-03,6528.6,725.2
2025-04-04,6550.0,734.6
2025-04-05,6587.7,745.3
2025-04-06,6601.4,336.3
2025-04-07,6561.3,730.3
2025-04-08,6500.5,655.5
2025-04-09,6516.8,619.5
2025-04-10,6502.4,632.7
2025-04-11,6503.3,628.4
2025-04-12,6515.4,658.2
2025-04-13,6608.5,702.9
2025-04-14,6643.6,698.1
2025-04-15,6695.1,682.8
2025-04-16,6723.9,671.2
2025-04-17,6742.9,646.5
2025-04-18,6746.7,636.2
2025-04-19,6848.9,646.2
2025-04-20,6920.9,646.6
2025-04-21,6982.1,625.5
2025-04-22,7001.1,610.8
2025-04-23,7018.9,582.4
2025-04-24,7031.8,561.7
2025-04-25,7057.7,542.7
2025-04-26,7109.6,560.6
2025-04-27,7170.5,596.7
2025-04-28,7221.2,603.2
2025-04-29,7275.8,609.3
2025-04-30,7301.5,629.6
2025-05-01,7395.8,670.6
2025-05-02,7536.3,717.0
2025-05-03,7627.4,741.9
2025-05-04,7709.0,752.1
2025-05-05,7747.4,732.9
2025-05-06,7772.1,699.3
2025-05-07,7800.6,665.6
2025-05-08,7819.3,636.9
2025-05-09,7846.2,641.6
2025-05-10,7912.5,661.7
2025-05-11,7988.2,685.9
2025-05-12,8051.1,700.1
2025-05-13,8093.5,708.0
2025-05-14,8153.4,717.5
2025-05-15,8201.4,704.2
2025-05-16,8245.6,712.5
2025-05-17,8317.5,725.2
2025-05-18,8378.9,724.1
2025-05-19,8418.9,714.6
2025-05-20,8456.7,698.5
2025-05-21,8439.5,681.6
2025-05-22,8466.1,664.6
2025-05-23,8482.5,654.0
2025-05-24,8524.9,649.8
2025-05-25,8597.1,656.3
2025-05-26,8643.7,643.8
2025-05-27,8684.8,648.4
2025-05-28,8726.4,615.0
2025-05-29,8801.4,644.9
2025-05-30,8888.9,664.6
2025-05-31,8997.1,697.8
2025-06-01,9203.8,717.7
2025-06-02,9264.3,719.2
2025-06-03,9322.1,721.8
2025-06-04,9381.1,721.1
2025-06-05,9417.7,704.3
2025-06-06,9496.9,682.4
2025-06-07,9600.5,676.9
2025-06-08,9697.4,681.7
2025-06-09,9781.8,674.0
2025-06-10,9856.1,657.4
2025-06-11,9926.1,647.0
2025-06-12,9986.4,636.5
2025-06-13,10042.7,617.6
2025-06-14,10142.8,610.4
2025-06-15,10243.9,597.3
2025-06-16,10304.2,578.3
2025-06-17,10360.1,546.5
2025-06-18,10419.3,514.5
2025-06-19,10493.8,486.7
2025-06-20,10563.1,460.1
2025-06-21,10670.3,458.0
2025-06-22,10777.2,480.1
2025-06-23,10854.6,492.5
2025-06-24,10927.4,501.6
2025-06-25,10965.9,488.3
2025-06-26,11009.7,509.6
2025-06-27,11073.2,518.2
2025-06-28,11168.4,508.7
2025-06-29,11274.2,541.8
2025-06-30,11348.7,522.5
2025-07-01,11430.0,488.6
2025-07-02,11513.4,474.9
2025-07-03,11573.7,480.0
2025-07-04,11642.8,502.5
2025-07-05,11737.8,533.4
2025-07-06,11827.0,551.4
2025-07-07,11882.6,574.7
2025-07-08,12293.9,582.4
2025-07-09,12030.1,578.4
2025-07-10,12118.1,576.2
2025-07-11,12202.9,587.5
2025-07-12,12329.4,617.2
2025-07-13,12427.5,631.5
2025-07-14,12481.4,659.8
2025-07-15,12534.5,678.5
2025-07-16,12591.2,644.9
2025-07-17,12637.8,603.3
2025-07-18,12698.1,596.8
2025-07-19,12802.0,608.0
2025-07-20,12901.9,617.0
2025-07-21,12960.0,611.8
2025-07-22,13018.3,602.1
2025-07-23,13075.8,598.9
2025-07-24,13112.8,593.8
2025-07-25,13170.7,601.9
2025-07-26,13261.4,635.8
2025-07-27,13361.6,671.6
2025-07-28,13452.9,689.6
2025-07-29,13531.3,696.4
2025-07-30,13616.2,710.6
2025-07-31,13664.0,739.1
2025-08-01,13581.9,769.0
2025-08-02,13854.6,778.7
2025-08-03,13963.5,820.2
2025-08-04,14053.1,860.8
2025-08-05,14154.4,897.0
2025-08-06,14239.1,925.5
2025-08-07,14315.8,963.1
2025-08-08,14393.8,1002.2
2025-08-09,14488.7,1048.4
2025-08-10,14592.6,1078.4
2025-08-11,14673.6,1077.0
2025-08-12,14737.7,1059.5
2025-08-13,14795.5,1059.5
2025-08-14,14863.0,1059.1
2025-08-15,14952.6,1066.9
2025-08-16,15036.2,1104.3
2025-08-17,15121.4,1118.5
2025-08-18,15183.3,1111.2
2025-08-19,15250.9,1110.4
2025-08-20,15308.5,1097.9
2025-08-21,15373.2,1092.0
2025-08-22,15431.0,1082.2
2025-08-23,15516.9,1086.1
2025-08-24,15599.7,1102.3
2025-08-25,15660.9,1128.0
2025-08-26,15720.1,1123.1
2025-08-27,15762.7,1103.5
2025-08-28,15832.0,1068.4
2025-08-29,15910.3,1042.1
2025-08-30,16006.7,1035.9
2025-08-31,16100.0,1022.9
2025-09-01,16437.6,1006.1
2025-09-02,16426.8,992.3
2025-09-03,16488.9,996.8
2025-09-04,16608.8,959.7
2025-09-05,16675.8,937.1
2025-09-06,16766.7,952.1
2025-09-07,16862.8,962.2
2025-09-08,16905.0,953.2
2025-09-09,16886.8,927.2
2025-09-10,16976.4,937.6
2025-09-11,17024.6,952.4
2025-09-12,17090.2,961.7
2025-09-13,17164.6,972.2
2025-09-14,17235.4,969.9
2025-09-15,17296.6,989.6
2025-09-16,17333.0,979.2
2025-09-17,17363.3,959.9
2025-09-18,17399.3,963.4
2025-09-19,17435.9,965.2
2025-09-20,17501.1,974.4
2025-09-21,17565.8,996.0
2025-09-22,17575.6,981.2
2025-09-23,17524.2,962.7
2025-09-24,17568.6,962.7
2025-09-25,17576.8,999.8
2025-09-26,17588.4,996.6
2025-09-27,17426.6,1000.9
2025-09-28,17659.2,982.9
2025-09-29,17661.5,953.8
2025-09-30,17651.4,916.7
2025-10-01,17668.0,908.0
2025-10-02,17643.8,943.2
2025-10-03,17644.8,997.2
2025-10-04,17677.9,1014.7
2025-10-05,17695.4,1040.9
2025-10-06,17651.3,1064.1
2025-10-07,17625.3,1072.4
2025-10-08,17610.9,1088.0
2025-10-09,17607.8,1107.3
2025-10-10,17612.8,995.3
2025-10-11,17623.6,1146.7
2025-10-12,17632.7,1131.3
2025-10-13,17593.7,1127.8
2025-10-14,17571.1,1115.6
2025-10-15,17538.6,1105.7
2025-10-16,17492.8,1092.5
2025-10-17,17476.0,1090.3
2025-10-18,17478.3,1122.6
2025-10-19,17398.3,1174.2
2025-10-20,17394.1,1184.9
2025-10-21,17387.5,1258.2
2025-10-22,17377.0,1308.2
2025-10-23,17381.5,1334.3
2025-10-24,17371.1,1358.3
2025-10-25,17371.1,1357.7
2025-10-26,17370.3,1343.0
2025-10-27,17281.9,1345.6
